--
-- PostgreSQL database dump
--

\restrict oSWE09yECbzVOYecdGgVuCng5nVW4DIWr1is3UmaAg8OcbVQIH4HPnCCRhJKXgE

-- Dumped from database version 18.1
-- Dumped by pg_dump version 18.1

SET statement_timeout = 0;
SET lock_timeout = 0;
SET idle_in_transaction_session_timeout = 0;
SET transaction_timeout = 0;
SET client_encoding = 'UTF8';
SET standard_conforming_strings = on;
SELECT pg_catalog.set_config('search_path', '', false);
SET check_function_bodies = false;
SET xmloption = content;
SET client_min_messages = warning;
SET row_security = off;

SET default_tablespace = '';

SET default_table_access_method = heap;

--
-- Name: auth_group; Type: TABLE; Schema: public; Owner: postgres
--

CREATE TABLE public.auth_group (
    id integer NOT NULL,
    name character varying(150) NOT NULL
);


ALTER TABLE public.auth_group OWNER TO postgres;

--
-- Name: auth_group_id_seq; Type: SEQUENCE; Schema: public; Owner: postgres
--

ALTER TABLE public.auth_group ALTER COLUMN id ADD GENERATED BY DEFAULT AS IDENTITY (
    SEQUENCE NAME public.auth_group_id_seq
    START WITH 1
    INCREMENT BY 1
    NO MINVALUE
    NO MAXVALUE
    CACHE 1
);


--
-- Name: auth_group_permissions; Type: TABLE; Schema: public; Owner: postgres
--

CREATE TABLE public.auth_group_permissions (
    id bigint NOT NULL,
    group_id integer NOT NULL,
    permission_id integer NOT NULL
);


ALTER TABLE public.auth_group_permissions OWNER TO postgres;

--
-- Name: auth_group_permissions_id_seq; Type: SEQUENCE; Schema: public; Owner: postgres
--

ALTER TABLE public.auth_group_permissions ALTER COLUMN id ADD GENERATED BY DEFAULT AS IDENTITY (
    SEQUENCE NAME public.auth_group_permissions_id_seq
    START WITH 1
    INCREMENT BY 1
    NO MINVALUE
    NO MAXVALUE
    CACHE 1
);


--
-- Name: auth_permission; Type: TABLE; Schema: public; Owner: postgres
--

CREATE TABLE public.auth_permission (
    id integer NOT NULL,
    name character varying(255) NOT NULL,
    content_type_id integer NOT NULL,
    codename character varying(100) NOT NULL
);


ALTER TABLE public.auth_permission OWNER TO postgres;

--
-- Name: auth_permission_id_seq; Type: SEQUENCE; Schema: public; Owner: postgres
--

ALTER TABLE public.auth_permission ALTER COLUMN id ADD GENERATED BY DEFAULT AS IDENTITY (
    SEQUENCE NAME public.auth_permission_id_seq
    START WITH 1
    INCREMENT BY 1
    NO MINVALUE
    NO MAXVALUE
    CACHE 1
);


--
-- Name: auth_user; Type: TABLE; Schema: public; Owner: postgres
--

CREATE TABLE public.auth_user (
    id integer NOT NULL,
    password character varying(128) NOT NULL,
    last_login timestamp with time zone,
    is_superuser boolean NOT NULL,
    username character varying(150) NOT NULL,
    first_name character varying(150) NOT NULL,
    last_name character varying(150) NOT NULL,
    email character varying(254) NOT NULL,
    is_staff boolean NOT NULL,
    is_active boolean NOT NULL,
    date_joined timestamp with time zone NOT NULL
);


ALTER TABLE public.auth_user OWNER TO postgres;

--
-- Name: auth_user_groups; Type: TABLE; Schema: public; Owner: postgres
--

CREATE TABLE public.auth_user_groups (
    id bigint NOT NULL,
    user_id integer NOT NULL,
    group_id integer NOT NULL
);


ALTER TABLE public.auth_user_groups OWNER TO postgres;

--
-- Name: auth_user_groups_id_seq; Type: SEQUENCE; Schema: public; Owner: postgres
--

ALTER TABLE public.auth_user_groups ALTER COLUMN id ADD GENERATED BY DEFAULT AS IDENTITY (
    SEQUENCE NAME public.auth_user_groups_id_seq
    START WITH 1
    INCREMENT BY 1
    NO MINVALUE
    NO MAXVALUE
    CACHE 1
);


--
-- Name: auth_user_id_seq; Type: SEQUENCE; Schema: public; Owner: postgres
--

ALTER TABLE public.auth_user ALTER COLUMN id ADD GENERATED BY DEFAULT AS IDENTITY (
    SEQUENCE NAME public.auth_user_id_seq
    START WITH 1
    INCREMENT BY 1
    NO MINVALUE
    NO MAXVALUE
    CACHE 1
);


--
-- Name: auth_user_user_permissions; Type: TABLE; Schema: public; Owner: postgres
--

CREATE TABLE public.auth_user_user_permissions (
    id bigint NOT NULL,
    user_id integer NOT NULL,
    permission_id integer NOT NULL
);


ALTER TABLE public.auth_user_user_permissions OWNER TO postgres;

--
-- Name: auth_user_user_permissions_id_seq; Type: SEQUENCE; Schema: public; Owner: postgres
--

ALTER TABLE public.auth_user_user_permissions ALTER COLUMN id ADD GENERATED BY DEFAULT AS IDENTITY (
    SEQUENCE NAME public.auth_user_user_permissions_id_seq
    START WITH 1
    INCREMENT BY 1
    NO MINVALUE
    NO MAXVALUE
    CACHE 1
);


--
-- Name: django_admin_log; Type: TABLE; Schema: public; Owner: postgres
--

CREATE TABLE public.django_admin_log (
    id integer NOT NULL,
    action_time timestamp with time zone NOT NULL,
    object_id text,
    object_repr character varying(200) NOT NULL,
    action_flag smallint NOT NULL,
    change_message text NOT NULL,
    content_type_id integer,
    user_id integer NOT NULL,
    CONSTRAINT django_admin_log_action_flag_check CHECK ((action_flag >= 0))
);


ALTER TABLE public.django_admin_log OWNER TO postgres;

--
-- Name: django_admin_log_id_seq; Type: SEQUENCE; Schema: public; Owner: postgres
--

ALTER TABLE public.django_admin_log ALTER COLUMN id ADD GENERATED BY DEFAULT AS IDENTITY (
    SEQUENCE NAME public.django_admin_log_id_seq
    START WITH 1
    INCREMENT BY 1
    NO MINVALUE
    NO MAXVALUE
    CACHE 1
);


--
-- Name: django_content_type; Type: TABLE; Schema: public; Owner: postgres
--

CREATE TABLE public.django_content_type (
    id integer NOT NULL,
    app_label character varying(100) NOT NULL,
    model character varying(100) NOT NULL
);


ALTER TABLE public.django_content_type OWNER TO postgres;

--
-- Name: django_content_type_id_seq; Type: SEQUENCE; Schema: public; Owner: postgres
--

ALTER TABLE public.django_content_type ALTER COLUMN id ADD GENERATED BY DEFAULT AS IDENTITY (
    SEQUENCE NAME public.django_content_type_id_seq
    START WITH 1
    INCREMENT BY 1
    NO MINVALUE
    NO MAXVALUE
    CACHE 1
);


--
-- Name: django_migrations; Type: TABLE; Schema: public; Owner: postgres
--

CREATE TABLE public.django_migrations (
    id bigint NOT NULL,
    app character varying(255) NOT NULL,
    name character varying(255) NOT NULL,
    applied timestamp with time zone NOT NULL
);


ALTER TABLE public.django_migrations OWNER TO postgres;

--
-- Name: django_migrations_id_seq; Type: SEQUENCE; Schema: public; Owner: postgres
--

ALTER TABLE public.django_migrations ALTER COLUMN id ADD GENERATED BY DEFAULT AS IDENTITY (
    SEQUENCE NAME public.django_migrations_id_seq
    START WITH 1
    INCREMENT BY 1
    NO MINVALUE
    NO MAXVALUE
    CACHE 1
);


--
-- Name: django_session; Type: TABLE; Schema: public; Owner: postgres
--

CREATE TABLE public.django_session (
    session_key character varying(40) NOT NULL,
    session_data text NOT NULL,
    expire_date timestamp with time zone NOT NULL
);


ALTER TABLE public.django_session OWNER TO postgres;

--
-- Name: kpi_definition; Type: TABLE; Schema: public; Owner: postgres
--

CREATE TABLE public.kpi_definition (
    id bigint NOT NULL,
    department character varying(255) NOT NULL,
    kpi_id character varying(50) NOT NULL,
    name character varying(500) NOT NULL,
    block character varying(50) NOT NULL,
    frequency character varying(100) NOT NULL,
    perspective character varying(100) NOT NULL,
    goal text NOT NULL,
    formula text NOT NULL,
    unit character varying(50) NOT NULL,
    source character varying(500) NOT NULL,
    monthly_target character varying(100),
    quarterly_target character varying(100),
    yearly_target character varying(100),
    green_threshold character varying(100),
    yellow_threshold character varying(100),
    red_threshold character varying(100),
    weight_pct double precision,
    chart_type character varying(100),
    chart_type_label character varying(200),
    "position" integer NOT NULL,
    CONSTRAINT kpi_definition_position_check CHECK (("position" >= 0))
);


ALTER TABLE public.kpi_definition OWNER TO postgres;

--
-- Name: kpi_definition_id_seq; Type: SEQUENCE; Schema: public; Owner: postgres
--

ALTER TABLE public.kpi_definition ALTER COLUMN id ADD GENERATED BY DEFAULT AS IDENTITY (
    SEQUENCE NAME public.kpi_definition_id_seq
    START WITH 1
    INCREMENT BY 1
    NO MINVALUE
    NO MAXVALUE
    CACHE 1
);


--
-- Name: users; Type: TABLE; Schema: public; Owner: postgres
--

CREATE TABLE public.users (
    id bigint NOT NULL,
    nickname character varying(150) NOT NULL,
    password character varying(256) NOT NULL,
    role character varying(10) NOT NULL,
    created_at timestamp with time zone NOT NULL,
    department character varying(255) NOT NULL
);


ALTER TABLE public.users OWNER TO postgres;

--
-- Name: users_id_seq; Type: SEQUENCE; Schema: public; Owner: postgres
--

ALTER TABLE public.users ALTER COLUMN id ADD GENERATED BY DEFAULT AS IDENTITY (
    SEQUENCE NAME public.users_id_seq
    START WITH 1
    INCREMENT BY 1
    NO MINVALUE
    NO MAXVALUE
    CACHE 1
);


--
-- Data for Name: auth_group; Type: TABLE DATA; Schema: public; Owner: postgres
--

COPY public.auth_group (id, name) FROM stdin;
\.


--
-- Data for Name: auth_group_permissions; Type: TABLE DATA; Schema: public; Owner: postgres
--

COPY public.auth_group_permissions (id, group_id, permission_id) FROM stdin;
\.


--
-- Data for Name: auth_permission; Type: TABLE DATA; Schema: public; Owner: postgres
--

COPY public.auth_permission (id, name, content_type_id, codename) FROM stdin;
1	Can add log entry	1	add_logentry
2	Can change log entry	1	change_logentry
3	Can delete log entry	1	delete_logentry
4	Can view log entry	1	view_logentry
5	Can add permission	3	add_permission
6	Can change permission	3	change_permission
7	Can delete permission	3	delete_permission
8	Can view permission	3	view_permission
9	Can add group	2	add_group
10	Can change group	2	change_group
11	Can delete group	2	delete_group
12	Can view group	2	view_group
13	Can add user	4	add_user
14	Can change user	4	change_user
15	Can delete user	4	delete_user
16	Can view user	4	view_user
17	Can add content type	5	add_contenttype
18	Can change content type	5	change_contenttype
19	Can delete content type	5	delete_contenttype
20	Can view content type	5	view_contenttype
21	Can add session	6	add_session
22	Can change session	6	change_session
23	Can delete session	6	delete_session
24	Can view session	6	view_session
25	Can add user	7	add_user
26	Can change user	7	change_user
27	Can delete user	7	delete_user
28	Can view user	7	view_user
29	Can add KPI	8	add_kpidefinition
30	Can change KPI	8	change_kpidefinition
31	Can delete KPI	8	delete_kpidefinition
32	Can view KPI	8	view_kpidefinition
\.


--
-- Data for Name: auth_user; Type: TABLE DATA; Schema: public; Owner: postgres
--

COPY public.auth_user (id, password, last_login, is_superuser, username, first_name, last_name, email, is_staff, is_active, date_joined) FROM stdin;
2	pbkdf2_sha256$1200000$fZZHf75FgJr2V9WVIyRdJt$Ww6RPgBqFZvOa8rrBxaFt9Tiqvt7UvvzSvguIXr9A+g=	\N	f	commercial_director				f	t	2026-04-01 16:28:52.80309+03
3	pbkdf2_sha256$1200000$kd7kix0gT2soxLQ4zTBgDW$ZeI0B3ZCWrrVtBTccm80cqimOFy9rhN0HmvtWe5RBls=	2026-04-13 11:59:04.631266+03	t	admin			admin@admin.com	t	t	2026-04-02 16:14:25.575371+03
\.


--
-- Data for Name: auth_user_groups; Type: TABLE DATA; Schema: public; Owner: postgres
--

COPY public.auth_user_groups (id, user_id, group_id) FROM stdin;
\.


--
-- Data for Name: auth_user_user_permissions; Type: TABLE DATA; Schema: public; Owner: postgres
--

COPY public.auth_user_user_permissions (id, user_id, permission_id) FROM stdin;
\.


--
-- Data for Name: django_admin_log; Type: TABLE DATA; Schema: public; Owner: postgres
--

COPY public.django_admin_log (id, action_time, object_id, object_repr, action_flag, change_message, content_type_id, user_id) FROM stdin;
5	2026-04-02 16:19:23.285706+03	4	user (User5)	1	[{"added": {}}]	7	3
6	2026-04-02 16:20:42.463598+03	4	user (User5)	3		7	3
7	2026-04-02 16:20:42.463622+03	3	director (User5)	3		7	3
8	2026-04-02 16:20:42.463631+03	2	kukuagu (User5)	3		7	3
9	2026-04-02 16:21:04.594145+03	5	kukuagu (User5)	1	[{"added": {}}]	7	3
10	2026-04-06 15:41:31.146099+03	6	kukuagu2 (User5)	1	[{"added": {}}]	7	3
11	2026-04-06 16:03:19.449653+03	6	kukuagu2 (User5)	3		7	3
12	2026-04-06 16:03:19.449684+03	5	kukuagu (User5)	3		7	3
13	2026-04-06 16:03:31.006364+03	7	kukuagu (User5)	1	[{"added": {}}]	7	3
14	2026-04-08 10:42:03.941417+03	9	comdir (User5)	1	[{"added": {}}]	7	3
15	2026-04-10 15:00:49.389218+03	10	maincon (User5)	1	[{"added": {}}]	7	3
16	2026-04-10 15:37:52.053319+03	11	devservice (User5)	1	[{"added": {}}]	7	3
17	2026-04-10 16:15:33.016023+03	12	autoservice (User5)	1	[{"added": {}}]	7	3
18	2026-04-10 16:48:28.705559+03	13	operofficer (User5)	1	[{"added": {}}]	7	3
19	2026-04-10 16:49:54.294654+03	14	assistantman (User5)	1	[{"added": {}}]	7	3
20	2026-04-10 16:52:17.570541+03	15	dcoocpo (User5)	1	[{"added": {}}]	7	3
21	2026-04-13 08:41:46.613144+03	16	depmetro (User5)	1	[{"added": {}}]	7	3
22	2026-04-13 08:44:21.344168+03	18	metroengineer (User5)	1	[{"added": {}}]	7	3
23	2026-04-13 11:59:49.43638+03	19	founder (User5)	1	[{"added": {}}]	7	3
24	2026-04-15 09:54:09.918139+03	7	kukuagu (User5)	3		7	3
\.


--
-- Data for Name: django_content_type; Type: TABLE DATA; Schema: public; Owner: postgres
--

COPY public.django_content_type (id, app_label, model) FROM stdin;
1	admin	logentry
2	auth	group
3	auth	permission
4	auth	user
5	contenttypes	contenttype
6	sessions	session
7	User	user
8	getkpi	kpidefinition
\.


--
-- Data for Name: django_migrations; Type: TABLE DATA; Schema: public; Owner: postgres
--

COPY public.django_migrations (id, app, name, applied) FROM stdin;
1	User	0001_initial	2026-04-01 09:05:09.373493+03
2	contenttypes	0001_initial	2026-04-01 09:05:09.383355+03
3	auth	0001_initial	2026-04-01 09:05:09.440752+03
4	admin	0001_initial	2026-04-01 09:05:09.458332+03
5	admin	0002_logentry_remove_auto_add	2026-04-01 09:05:09.466516+03
6	admin	0003_logentry_add_action_flag_choices	2026-04-01 09:05:09.471628+03
7	contenttypes	0002_remove_content_type_name	2026-04-01 09:05:09.486234+03
8	auth	0002_alter_permission_name_max_length	2026-04-01 09:05:09.491314+03
9	auth	0003_alter_user_email_max_length	2026-04-01 09:05:09.497501+03
10	auth	0004_alter_user_username_opts	2026-04-01 09:05:09.505107+03
11	auth	0005_alter_user_last_login_null	2026-04-01 09:05:09.509432+03
12	auth	0006_require_contenttypes_0002	2026-04-01 09:05:09.510071+03
13	auth	0007_alter_validators_add_error_messages	2026-04-01 09:05:09.51647+03
14	auth	0008_alter_user_username_max_length	2026-04-01 09:05:09.524783+03
15	auth	0009_alter_user_last_name_max_length	2026-04-01 09:05:09.530676+03
16	auth	0010_alter_group_name_max_length	2026-04-01 09:05:09.536118+03
17	auth	0011_update_proxy_permissions	2026-04-01 09:05:09.540224+03
18	auth	0012_alter_user_first_name_max_length	2026-04-01 09:05:09.54492+03
19	sessions	0001_initial	2026-04-01 09:05:09.551572+03
20	User	0002_user_department	2026-04-01 16:08:11.062576+03
21	User	0003_alter_user_department	2026-04-01 16:32:34.396841+03
22	getkpi	0001_initial	2026-04-10 15:42:37.329641+03
\.


--
-- Data for Name: django_session; Type: TABLE DATA; Schema: public; Owner: postgres
--

COPY public.django_session (session_key, session_data, expire_date) FROM stdin;
z9e9e6ldyi33r3d57iq9nl9bp8u7pu7u	.eJxVjMsOwiAQRf-FtSG8YVy69xsIMINUDU1KuzL-uzbpQrf3nHNfLKZtbXEbtMQJ2ZlJdvrdcioP6jvAe-q3mZe5r8uU-a7wgw5-nZGel8P9O2hptG-ds_EqFJQmKCCpnbHghKw1Q0Uq1QavQRthPQpbdUFSEKh4IEBnNbL3B9gFN8w:1w7vPl:nxDhZaN6S1uwnnKyv3fFlyMMUgtXzOKAGlTCyUd0ITw	2026-04-15 16:15:21.308214+03
8k78stvtvm09euxus249p90jwwsrg51f	.eJxVjMsOwiAQRf-FtSG8YVy69xsIMINUDU1KuzL-uzbpQrf3nHNfLKZtbXEbtMQJ2ZlJdvrdcioP6jvAe-q3mZe5r8uU-a7wgw5-nZGel8P9O2hptG-ds_EqFJQmKCCpnbHghKw1Q0Uq1QavQRthPQpbdUFSEKh4IEBnNbL3B9gFN8w:1w7vsM:uH7ECc-BwHe9ONbmhaWwq1WWMo364Hx0w2bKODjTsb4	2026-04-15 16:44:54.83075+03
4m38rd8pm9xg3ofqxjomri2op4e3zcpw	.eJxVjDEOwjAMAP-SGUWJ67iFkZ03VE7skAJqpaadEH9HkTrAene6txl538q4V13HSczFdOb0yyKnp85NyIPn-2LTMm_rFG1L7GGrvS2ir-vR_g0K19K2HjwjEnY5e2GgKAAaWQGgdzT0QwgS0OWz4kCUXIcIiYAVSYMk8_kCxVY3Ng:1w8Hv6:VehDYdXyGiIFGpPhlZ4O9EGjvj0UZCvLTv__CdAbuQE	2026-04-16 16:17:12.430586+03
pwpob0ufonh9kskoj0czkrmjn7omogj2	.eJxVjDEOwjAMAP-SGUWJ67iFkZ03VE7skAJqpaadEH9HkTrAene6txl538q4V13HSczFdOb0yyKnp85NyIPn-2LTMm_rFG1L7GGrvS2ir-vR_g0K19K2HjwjEnY5e2GgKAAaWQGgdzT0QwgS0OWz4kCUXIcIiYAVSYMk8_kCxVY3Ng:1w8HwJ:f5h86nTEfLiJYL-rG2NYRbklQHnvgIotE_Mj6GzTv38	2026-04-16 16:18:27.771262+03
i0saxg13u09h1g4sf8qq0dmcgxbu937n	.eJxVjDEOwjAMAP-SGUWJ67iFkZ03VE7skAJqpaadEH9HkTrAene6txl538q4V13HSczFdOb0yyKnp85NyIPn-2LTMm_rFG1L7GGrvS2ir-vR_g0K19K2HjwjEnY5e2GgKAAaWQGgdzT0QwgS0OWz4kCUXIcIiYAVSYMk8_kCxVY3Ng:1w8Hwe:lI_2lpY-iSHBstuZiMVcduSzK1vRfUF2AbsibiUlbsQ	2026-04-16 16:18:48.909793+03
pjkb8j2xl782ewig1ht6qu3q2u7uzayf	.eJxVjDEOwjAMAP-SGUWJ67iFkZ03VE7skAJqpaadEH9HkTrAene6txl538q4V13HSczFdOb0yyKnp85NyIPn-2LTMm_rFG1L7GGrvS2ir-vR_g0K19K2HjwjEnY5e2GgKAAaWQGgdzT0QwgS0OWz4kCUXIcIiYAVSYMk8_kCxVY3Ng:1w9jbS:IX4sFipRVIN_yk4rkuI5m7S3J1k4adIVvJfsKJGgSp0	2026-04-20 16:02:54.395152+03
ra1ztxdk5rri9pqpk81s0qieumgkbwi6	.eJxVjDEOwjAMAP-SGUWJ67iFkZ03VE7skAJqpaadEH9HkTrAene6txl538q4V13HSczFdOb0yyKnp85NyIPn-2LTMm_rFG1L7GGrvS2ir-vR_g0K19K2HjwjEnY5e2GgKAAaWQGgdzT0QwgS0OWz4kCUXIcIiYAVSYMk8_kCxVY3Ng:1wCD8K:ns2q3wgUb2a9cNVoyY9tbyeHk15o4MGJjtf2z0a-SoY	2026-04-27 11:59:04.635661+03
\.


--
-- Data for Name: kpi_definition; Type: TABLE DATA; Schema: public; Owner: postgres
--

COPY public.kpi_definition (id, department, kpi_id, name, block, frequency, perspective, goal, formula, unit, source, monthly_target, quarterly_target, yearly_target, green_threshold, yellow_threshold, red_threshold, weight_pct, chart_type, chart_type_label, "position") FROM stdin;
1055	ОДП	KD-M2	Отгрузки	плитка	Ежемесячно	Финансы	Контроль объёмов отгрузки	\\mathrm{KPI} = \\dfrac{\\text{Факт}}{\\text{План}} \\times 100\\%	руб.	1С / БДР	\N	\N	\N	≥100%	90–99,9%	<90%	15	\N	\N	1
1056	ОДП	KD-M3	Договоры	плитка	Ежемесячно	Финансы	Контроль заключённых договоров	\\mathrm{KPI} = \\dfrac{\\text{Факт}}{\\text{План}} \\times 100\\%	руб.	1С / CRM	\N	\N	\N	≥100%	90–99,9%	<90%	10	\N	\N	2
1057	ОДП	KD-M4	Дебиторская задолженность	плитка	Ежемесячно	Финансы	Контроль дебиторской задолженности	\\text{Факт на дату}	руб.	1С / Реестр ДЗ	\N	\N	\N	<100%	100–110%	>110%	10	\N	\N	3
1058	ОДП	KD-M5	Просроченная Дебиторская Задолженность	плитка	Ежемесячно	Финансы	Снижение просроченной дебиторской задолженности	\\mathrm{KPI} = \\dfrac{\\text{Факт}}{\\text{Лимит}} \\times 100\\%	руб.	1С / Реестр ДЗ	\N	\N	\N	<100%	100–110%	>110%	10	\N	\N	4
1059	ОДП	KD-M6	Валовая прибыль	плитка	Ежемесячно	Финансы	Обеспечение плановой валовой прибыли	\\mathrm{KPI} = \\dfrac{\\text{Факт}}{\\text{План}} \\times 100\\%	руб.	1С / БДР / Управленческая отчётность	\N	\N	\N	≥100%	90–99,9%	<90%	10	\N	\N	5
1060	ОДП	KD-M7	Расходы	плитка	Ежемесячно	Финансы	Контроль расходов в пределах лимита	\\mathrm{KPI} = \\dfrac{\\text{Факт}}{\\text{Лимит}} \\times 100\\%	руб.	1С / БДР	\N	\N	\N	≤100%	100,1–110%	>110%	10	\N	\N	6
1061	ОДП	KD-M8	ФОТ	плитка	Ежемесячно	Персонал	Контроль фонда оплаты труда	\\mathrm{KPI} = \\dfrac{\\text{Факт}}{\\text{Лимит}} \\times 100\\%	руб.	1С ЗУП / HRIS	\N	\N	\N	≤100%	100,1–110%	>110%	5	\N	\N	7
1062	ОДП	KD-M9	Цена фактическая/цена расчетная	плитка	Ежемесячно	Финансы	Контроль уровня предоставляемых скидок	\\mathrm{KPI} = \\dfrac{\\text{Факт}}{\\text{Норма}} \\times 100\\%	%	1С / CRM	\N	\N	\N	≤100%	100,1–110%	>110%	10	\N	\N	8
1063	ОДП	KD-M10	ТКП в SLA	плитка	Ежемесячно	Процессы	Соблюдение SLA по технико-коммерческим предложениям	\\mathrm{KPI} = \\dfrac{\\text{Факт}}{\\text{Норма}} \\times 100\\%	%	CRM / тендерный отдел	\N	\N	\N	≥100%	90–99,9%	<90%	5	\N	\N	9
1064	ОДП	KD-M11	Текучесть персонала	плитка	Ежемесячно	Персонал	Контроль текучести персонала коммерческой службы	\\mathrm{KPI} = \\dfrac{\\text{Факт}}{\\text{Норма}} \\times 100\\%	%	1С ЗУП / HR	\N	\N	\N	≤100%	100,1–110%	>110%	5	\N	\N	10
1065	ОДП	KD-C1	Динамика: Деньги, Отгрузки, Договоры	график	Ежемесячно	Финансы					\N	\N	\N	\N	\N	\N	\N	multi_line_plan_fact_monthly	Линейный тренд по месяцам (факт)	11
1066	ОДП	KD-C2	Круговые диаграммы	график	Ежемесячно	Развитие					\N	\N	\N	\N	\N	\N	\N	donut_multiple	Круговые диаграммы по направлениям	12
1067	ОДП	KD-C3	KPI за месяц: Деньги, Отгрузки, Договоры, Валовая прибыль	график	Ежемесячно	Финансы					\N	\N	\N	\N	\N	\N	\N	column_plan_fact_monthly	Столбцы KPI за месяц	13
1068	Технический директор	TD-M1	Доля проектов/заказов «в срок»	плитка	Ежемесячно	Процессы	Обеспечить выполнение технических и проектных обязательств без срыва сроков	Проекты/заказы, выполненные в срок / Все проекты/заказы × 100%	%	PMO / ERP / реестр заказов	≥90%	\N	≥90%	≥90%	80–89,9%	<80%	25	\N	\N	0
1069	Технический директор	TD-M2	Отсутствие критичных нарушений по ИБ/ПБ/экологии	плитка	Ежемесячно	Риски	Не допустить событий, останавливающих деятельность или создающих крупные потери	1 - (Критичные нарушения / Проверки)	коэфф.	Журналы инцидентов / проверки	1	\N	1	1	Есть несущественные нарушения	Есть критичное нарушение	20	\N	\N	1
1070	Технический директор	TD-M3	Бюджет и ФОТ блока в пределах лимита	плитка	Ежемесячно	Финансы	Привязать роль к контролю затрат и ФОТ блока	0,5 × MIN(1; План затрат блока / Факт затрат блока) + 0,5 × MIN(1; План ФОТ блока / Факт ФОТ блока)	%	БДР / 1С / ЗУП / HRIS	≥100%	\N	≥100%	≥100%	90–99,9%	<90%	20	\N	\N	2
1071	Технический директор	TD-Q1	Стратегические технические инициативы, закрытые в срок	плитка	Ежеквартально	Развитие	Поддержать техническое развитие и проектную дисциплину	Инициативы/проекты, закрытые в срок / План квартала × 100%	%	Реестр проектов / дорожная карта	\N	≥90%	≥90%	≥90%	80–89,9%	<80%	20	\N	\N	3
1072	Технический директор	TD-Q2	Текучесть персонала технического контура	плитка	Ежеквартально	Персонал	Сохранить технические компетенции и снизить потери на замещение	Уволенные / Среднесписочная численность × 100%	%	HR-учёт / 1С ЗУП	\N	≤5%	≤20%	≤5%	5,1–7%	>7%	15	\N	\N	4
1073	Технический директор	TD-Y1	Годовой индекс технической результативности	плитка	Ежегодно	Управление	Подтвердить способность контура обеспечивать сроки, риск-контроль и развитие	Композитный индекс: сроки + риски + эскалации + инициативы	индекс	PMO / KPI Pack / риск-реестр	\N	\N	≥0,90	≥0,90	0,80–0,899	<0,80	100	\N	\N	5
1074	Технический директор	TD-C1	Тренд 12 месяцев: Доля проектов/заказов «в срок» / Отсутствие критичных нарушений по ИБ/ПБ/экологии / Бюджет и ФОТ блока в пределах лимита	график	Ежемесячно	Управление	Быстро увидеть динамику ключевых ежемесячных KPI роли «Технический директор».	Показывать 12 последних закрытых периодов; для каждого KPI — факт, цель/план и маркер RAG последнего периода.	смешанные	PMO / ERP / реестр заказов; Журналы инцидентов / проверки; БДР / 1С / ЗУП / HRIS	\N	\N	\N	По порогам KPI	По порогам KPI	По порогам KPI	0	multi_line_plan_fact_monthly	График тренда	6
1075	Технический директор	TD-C2	Квартальный контроль: Стратегические технические инициативы, закрытые в срок / Текучесть персонала технического контура; итог: Годовой индекс технической результативности	график	Ежеквартально	Управление	Показать, как квартальные и годовой KPI роли закрывают управленческую цель.	Показывать план/факт квартала, статус RAG и вклад каждого квартального KPI в итоговый годовой показатель.	смешанные	Реестр проектов / дорожная карта; HR-учёт / 1С ЗУП; PMO / KPI Pack / риск-реестр	\N	\N	\N	По порогам KPI	По порогам KPI	По порогам KPI	0	column_plan_fact_waterfall_quarterly	План/факт / waterfall	7
1076	Технический директор	TD-C3	Этапы разработки / качество КД / НИОКР	график	Ежемесячно	Управление	Дать технический директору структурный срез по зоне ответственности.	Показывать распределение статусов, очаги риска, причины отклонений и концентрацию нагрузки по основным срезам роли.	статус / шт.	PMO / ERP / реестр заказов; Журналы инцидентов / проверки; БДР / 1С / ЗУП / HRIS; Реестр проектов / дорожная карта; HR-учёт / 1С ЗУП	\N	\N	\N	\N	\N	\N	0	heatmap_rag	Heatmap / структура	8
1077	Технический директор	TD-B1	ТОП-5 отклонений и корректирующие действия	таблица	Ежемесячно	Управление	Собрать только то, что требует действий, а не обзор всех показателей.	Выводить KPI со статусом Yellow/Red: показатель → причина → действие → срок → владелец → эффект.	шт.	PMO / ERP / реестр заказов; Журналы инцидентов / проверки; БДР / 1С / ЗУП / HRIS; Реестр проектов / дорожная карта; HR-учёт / 1С ЗУП	\N	\N	\N	\N	\N	\N	0	\N	\N	9
1078	Технический директор	TD-B2	Риски / решения / сроки / ответственный	таблица	Ежемесячно	Управление	Фиксировать, что именно нужно решить и кто отвечает за закрытие.	Выводить только решения по красным зонам: риск → решение/эскалация → срок → ответственный → статус.	шт.	Реестр поручений / CEO Pack / протоколы комитетов	\N	\N	\N	\N	\N	\N	0	\N	\N	10
72	ГСПП	ГСП-M1	ТКП выставлены в срок	плитка	Ежемесячно	Процессы	Сократить цикл ответа и обеспечить скорость сделки	ТКП, выставленные в норматив / Все ТКП × 100%	%	1C	≥95%	\N	≥95%	≥95%	90–94,9%	<90%	20	\N	\N	0
73	ГСПП	ГСП-M2	ОЛ запущены в производство без срыва срока	плитка	Ежемесячно	Процессы	Не допускать потерь на стыке продажи–производство	ОЛ, запущенные в норматив / Все ОЛ × 100%	%	1C	≥95%	\N	≥95%	≥95%	90–94,9%	<90%	20	\N	\N	1
74	ГСПП	ГСП-M3	ФОТ подразделения в пределах лимита	плитка	Ежемесячно	Финансы	Привязать руководителя подразделения к контролю затрат и ФОТ	План ФОТ подразделения / Факт ФОТ подразделения	%	1C	<=100%	\N	<=100%	<100%	100–110%	>110%	30	\N	\N	2
75	ГСПП	ГСП-Q4	Развитие номенклатуры / автоматизации ГСПП	график	Ежеквартально	Развитие	Повысить пропускную способность процесса	Выполненные инициативы квартала / План инициатив × 100%	%	Turbo Project	\N	≥90%	≥90%	≥90%	80–89,9%	<80%	20	\N	\N	3
76	ГСПП	ГСП-Q5	Текучесть персонала ГСПП	график	Ежеквартально	Персонал	Сохранить компетенции на критичном стыке процессов	Уволенные / Среднесписочная численность × 100%	%	HR	\N	≤5%	≤20%	≤5%	5,1–7%	>7%	20	\N	\N	4
77	ГСПП	ГСП-C1	Тренд: ТКП выставлены в срок / ОЛ запущены в производство без срыва срока	график	Ежемесячно	Финансы	Визуализация динамики ключевых показателей за 12 месяцев	Факт / План × 100%	%	1C	≥95%	\N	≥95%	≥95%	90–94,9%	<90%	0	\N	\N	5
78	ГСПП	ГСП-B1	ТОП-5 отклонений и корректирующие действия	таблица	Ежемесячно	Управление	Фокусировать внимание на критичных отклонениях	—	—	CEO Pack / управленческая отчётность	\N	\N	\N	\N	\N	\N	0	\N	\N	6
79	ГСПП	ГСП-B2	Риски / решения / сроки / ответственный	таблица	Ежемесячно	Управление	Обеспечить прозрачность управленческих решений	—	—	CEO Pack / реестр рисков	\N	\N	\N	\N	\N	\N	0	\N	\N	7
80	Конструкторское бюро	КОН-M1-1	Доля проектов КБ без отклонения >10 р.д.	плитка	Ежемесячно	Процессы	Обеспечить выполнение сроков разработки	Проекты без отклонения >10 р.д. / Все активные проекты × 100%	%	Turbo Project	≥90%	\N	≥90%	≥90%	80–89,9%	<80%	25	\N	\N	0
81	Конструкторское бюро	КОН-M1-2	Доля проектов КБ без отклонения бюджета <10%	плитка	Ежемесячно	Процессы	Обеспечить выполнение сроков разработки	Проекты без отклонения отклонения бюджета <10% / Все активные проекты × 100%	%	Turbo Project	≥90%	\N	≥90%	≥90%	80–89,9%	<80%	25	\N	\N	1
82	Конструкторское бюро	КОН-M2	Качество КД с первого раза	плитка	Ежемесячно	Финансы	Снизить стоимость исправлений и ускорить запуск	Комплекты КД, принятые без возврата / Все переданные комплекты × 100%	%	PDM / журнал замечаний	≥92%	\N	≥92%	≥92%	85–91,9%	<85%	20	\N	\N	2
83	Конструкторское бюро	КОН-M3	ФОТ подразделения в пределах лимита	плитка	Ежемесячно	Финансы	Привязать руководителя подразделения к контролю затрат и ФОТ	План ФОТ подразделения / Факт ФОТ подразделения	%	1C	<=100%	\N	<=100%	<100%	100–110%	>110%	30	\N	\N	3
84	Конструкторское бюро	КОН-Q4	Выполнение плана развития продукта / НИОКР	график	Ежеквартально	Развитие	Обеспечить рост продуктового портфеля	Закрытые вехи НИОКР / План квартала × 100%	%	Turbo Project	\N	≥90%	≥90%	≥90%	80–89,9%	<80%	20	\N	\N	4
85	Конструкторское бюро	КОН-Q5	Текучесть персонала КБ	график	Ежеквартально	Персонал	Сохранить инженерные компетенции	Уволенные / Среднесписочная численность × 100%	%	HR	\N	≤5%	≤20%	≤5%	5,1–7%	>7%	15	\N	\N	5
86	Конструкторское бюро	КОН-C1	Тренд: Доля проектов КБ без отклонения >10 р.д. / Доля проектов КБ без отклонения бюджета <10%	график	Ежемесячно	Финансы	Визуализация динамики ключевых показателей за 12 месяцев	Факт / План × 100%	%	Turbo Project	≥90%	\N	≥90%	≥90%	80–89,9%	<80%	0	\N	\N	6
87	Конструкторское бюро	КОН-B1	ТОП-5 отклонений и корректирующие действия	таблица	Ежемесячно	Управление	Фокусировать внимание на критичных отклонениях	—	—	CEO Pack / управленческая отчётность	\N	\N	\N	\N	\N	\N	0	\N	\N	7
88	Конструкторское бюро	КОН-B2	Риски / решения / сроки / ответственный	таблица	Ежемесячно	Управление	Обеспечить прозрачность управленческих решений	—	—	CEO Pack / реестр рисков	\N	\N	\N	\N	\N	\N	0	\N	\N	8
89	Служба качества	СЛУ-M1	Уровень внешнего брака	плитка	Ежемесячно	Финансы	Снизить стоимость плохого качества	Количество внешних дефектов / Объём отгрузок или заказов × 100%	%	1C	≤1,0%	\N	≤1,0%	≤1,0%	1,01–1,5%	>1,5%	30	\N	\N	0
90	Служба качества	СЛУ-M2	Срок закрытия несоответствий	плитка	Ежемесячно	Процессы	Обеспечить быструю реакцию на несоответствия	Несоответствия, закрытые ≤30 дней / Все закрытые несоответствия × 100%	%		≥90%	\N	≥90%	≥90%	80–89,9%	<80%	25	\N	\N	1
91	Служба качества	СЛУ-M3-1	ФОТ подразделения в пределах лимита	плитка	Ежемесячно	Финансы	Привязать руководителя направления к контролю ФОТ	Факт ФОТ / План ФОТ (по подразделению)	%	1C	<=100%	\N	<=100%	<100%	100–110%	>110%	30	\N	\N	2
92	Служба качества	СЛУ-M3-2	Бюджет подразделения в пределах лимита	плитка	Ежемесячно	Финансы	Привязать руководителя направления к контролю затрат	Факт затрат / План затрат (по статьям расходов Отдел по работе с ключевыми клиентами)	%	1C	<=100%	\N	<=100%	<100%	100–110%	>110%	30	\N	\N	3
93	Служба качества	СЛУ-Q4	Выполнение программы предупреждающих и улучшательных мероприятий	график	Ежеквартально	Развитие	Развивать систему качества	Выполненные мероприятия / План квартала × 100%	%		\N	≥90%	≥90%	≥90%	80–89,9%	<80%	15	\N	\N	4
94	Служба качества	СЛУ-Q5	Текучесть персонала службы качества	график	Ежеквартально	Персонал	Сохранить компетенции по качеству	Уволенные / Среднесписочная численность × 100%	%	HR	\N	≤5%	≤20%	≤5%	5,1–7%	>7%	15	\N	\N	5
95	Служба качества	СЛУ-C1	Тренд: Уровень внешнего брака / Срок закрытия несоответствий	график	Ежемесячно	Финансы	Визуализация динамики ключевых показателей за 12 месяцев	Факт / План × 100%	%	1C	≤1,0%	\N	≤1,0%	≤1,0%	1,01–1,5%	>1,5%	0	\N	\N	6
96	Служба качества	СЛУ-B1	ТОП-5 отклонений и корректирующие действия	таблица	Ежемесячно	Управление	Фокусировать внимание на критичных отклонениях	—	—	CEO Pack / управленческая отчётность	\N	\N	\N	\N	\N	\N	0	\N	\N	7
97	Служба качества	СЛУ-B2	Риски / решения / сроки / ответственный	таблица	Ежемесячно	Управление	Обеспечить прозрачность управленческих решений	—	—	CEO Pack / реестр рисков	\N	\N	\N	\N	\N	\N	0	\N	\N	8
98	Метрологическая служба	МЕТ-M1	План производства в части МС	плитка	Ежемесячно	Финансы	Выполнить план по услугам поверки/ремонта	Факт выполнения плана производства в части МС / План производства в части МС 100%	%	1C	≥100%	\N	≥100%	≥100%	95–99,9%	<95%	25	\N	\N	0
99	Метрологическая служба	МЕТ-M2	SLA по поверке / ремонту	плитка	Ежемесячно	Процессы	Соблюдать сроки услуг	Работы, выполненные в срок / Все работы × 100%	%	1C	≥95%	\N	≥95%	≥95%	90–94,9%	<90%	20	\N	\N	1
100	Метрологическая служба	МЕТ-M3-1	ФОТ подразделения в пределах лимита	плитка	Ежемесячно	Финансы	Привязать руководителя направления к контролю ФОТ	Факт ФОТ / План ФОТ (по подразделению)	%	1C	<=100%	\N	<=100%	<100%	100–110%	>110%	30	\N	\N	2
101	Метрологическая служба	МЕТ-M3-2	Бюджет подразделения в пределах лимита	плитка	Ежемесячно	Финансы	Привязать руководителя направления к контролю затрат	Факт затрат / План затрат (по статьям расходов Отдел по работе с ключевыми клиентами)	%	1C	<=100%	\N	<=100%	<100%	100–110%	>110%	30	\N	\N	3
102	Метрологическая служба	МЕТ-Q4-1	Доля проектов МС без отклонения >10 р.д.	график	Ежеквартально	Развитие	Обеспечить выполнение сроков разработки	Проекты без отклонения >10 р.д. / Все активные проекты × 100%	%	Turbo Project	≥90%	\N	≥90%	≥90%	80–89,9%	<80%	25	\N	\N	4
103	Метрологическая служба	МЕТ-Q4-2	Доля проектов МС без отклонения бюджета <10%	график	Ежеквартально		Обеспечить выполнение сроков разработки	Проекты без отклонения отклонения бюджета <10% / Все активные проекты × 100%	%	Turbo Project	≥90%	\N	≥90%	≥90%	80–89,9%	<80%	25	\N	\N	5
104	Метрологическая служба	МЕТ-Q5	Текучесть персонала МС	график	Ежеквартально	Персонал	Сохранить квалифицированных поверителей	Уволенные / Среднесписочная численность × 100%	%	HR	\N	≤5%	≤20%	≤5%	5,1–7%	>7%	15	\N	\N	6
105	Метрологическая служба	МЕТ-C1	Тренд: План производства в части МС / SLA по поверке / ремонту	график	Ежемесячно	Финансы	Визуализация динамики ключевых показателей за 12 месяцев	Факт / План × 100%	%	1C	≥100%	\N	≥100%	≥100%	95–99,9%	<95%	0	\N	\N	7
106	Метрологическая служба	МЕТ-B1	ТОП-5 отклонений и корректирующие действия	таблица	Ежемесячно	Управление	Фокусировать внимание на критичных отклонениях	—	—	CEO Pack / управленческая отчётность	\N	\N	\N	\N	\N	\N	0	\N	\N	8
107	Метрологическая служба	МЕТ-B2	Риски / решения / сроки / ответственный	таблица	Ежемесячно	Управление	Обеспечить прозрачность управленческих решений	—	—	CEO Pack / реестр рисков	\N	\N	\N	\N	\N	\N	0	\N	\N	9
108	Сервисная служба	СЕР-M1	SLA по заявкам / работам	плитка	Ежемесячно	Клиенты	Соблюдать сроки сервиса	Работы, закрытые в срок / Все работы × 100%	%	1C	≥95%	\N	≥95%	≥95%	90–94,9%	<90%	25	\N	\N	0
109	Сервисная служба	СЕР-M2	Повторные выезды / повторные обращения	плитка	Ежемесячно	Финансы	Устранять проблему с первого раза	Повторные обращения / Все обращения	коэфф.	1C	≤0,95	\N	≤0,95	≤0,95	0,90–0,949	<0,90>	20	\N	\N	1
110	Сервисная служба	СЕР-M3-1	ФОТ подразделения в пределах лимита	плитка	Ежемесячно	Финансы	Привязать руководителя направления к контролю ФОТ	Факт ФОТ / План ФОТ (по подразделению)	%	1C	<=100%	\N	<=100%	<100%	100–110%	>110%	30	\N	\N	2
111	Сервисная служба	СЕР-M3-2	Бюджет подразделения в пределах лимита	плитка	Ежемесячно	Финансы	Привязать руководителя направления к контролю затрат	Факт затрат / План затрат (по статьям расходов Отдел по работе с ключевыми клиентами)	%	1C	<=100%	\N	<=100%	<100%	100–110%	>110%	30	\N	\N	3
112	Сервисная служба	СЕР-Q4	CSI / NPS по сервисному контуру	график	Ежеквартально	Развитие	Поддерживать лояльность клиента	Средний CSI или NPS квартала	балл / NPS		\N	CSI ≥4,5 / NPS ≥50	CSI ≥4,5 / NPS ≥50	Цель и выше	Отклонение до 10%	Отклонение >10%	15	\N	\N	4
113	Сервисная служба	СЕР-Q5	Текучесть персонала сервисной службы	график	Ежеквартально	Персонал	Сохранить мобильную и квалифицированную команду	Уволенные / Среднесписочная численность × 100%	%	HR	\N	≤5%	≤20%	≤5%	5,1–7%	>7%	15	\N	\N	5
114	Сервисная служба	СЕР-C1	Тренд: SLA по заявкам / работам / Повторные выезды / повторные обращения	график	Ежемесячно	Финансы	Визуализация динамики ключевых показателей за 12 месяцев	Факт / План × 100%	%	1C	≥95%	\N	≥95%	≥95%	90–94,9%	<90%	0	\N	\N	6
115	Сервисная служба	СЕР-B1	ТОП-5 отклонений и корректирующие действия	таблица	Ежемесячно	Управление	Фокусировать внимание на критичных отклонениях	—	—	CEO Pack / управленческая отчётность	\N	\N	\N	\N	\N	\N	0	\N	\N	7
116	Сервисная служба	СЕР-B2	Риски / решения / сроки / ответственный	таблица	Ежемесячно	Управление	Обеспечить прозрачность управленческих решений	—	—	CEO Pack / реестр рисков	\N	\N	\N	\N	\N	\N	0	\N	\N	8
117	Производство №1	ПРО-M1	Выполнение производственного плана	плитка	Ежемесячно	Финансы	Обеспечить выпуск продукции под выручку и прибыль компании	Факт выпуска / План выпуска × 100%	%	1C	≥100%	\N	≥100%	≥100%	90–99,9%	<90%	30	\N	\N	0
118	Производство №1	ПРО-M2	Внутренний брак	плитка	Ежемесячно	Финансы	Снизить стоимость переделок и потери на производстве	Брак / Выпуск × 100%	%	1C	≤2,0%	\N	≤2,0%	≤2,0%	2,1–3,0%	>3,0%	25	\N	\N	1
119	Производство №1	ПРО-M3-1	ФОТ подразделения в пределах лимита	плитка	Ежемесячно	Финансы	Привязать руководителя направления к контролю ФОТ	Факт ФОТ / План ФОТ (по подразделению)	%	1C	<=100%	\N	<=100%	<100%	100–110%	>110%	30	\N	\N	2
120	Производство №1	ПРО-M3-2	Бюджет подразделения в пределах лимита	плитка	Ежемесячно	Финансы	Привязать руководителя направления к контролю затрат	Факт затрат / План затрат (по статьям расходов Отдел по работе с ключевыми клиентами)	%	1C	<=100%	\N	<=100%	<100%	100–110%	>110%	30	\N	\N	3
121	Производство №1	ПРО-Q4	Выполнение проектов улучшений / сокращения потерь	график	Ежеквартально	Развитие	Повышать производительность и снижать себестоимость	Выполненные инициативы / План квартала × 100%	%	Turbo Project	\N	≥90%	≥90%	≥90%	80–89,9%	<80%	15	\N	\N	4
122	Производство №1	ПРО-Q5	Текучесть персонала подразделения	график	Ежеквартально	Персонал	Снизить потери навыков	Уволенные / Среднесписочная численность × 100%	%	HR	\N	≤5%	≤20%	≤5%	5,1–7%	>7%	10	\N	\N	5
123	Производство №1	ПРО-C1	Тренд: Выполнение производственного плана / Внутренний брак	график	Ежемесячно	Финансы	Визуализация динамики ключевых показателей за 12 месяцев	Факт / План × 100%	%	1C	≥100%	\N	≥100%	≥100%	90–99,9%	<90%	0	\N	\N	6
124	Производство №1	ПРО-B1	ТОП-5 отклонений и корректирующие действия	таблица	Ежемесячно	Управление	Фокусировать внимание на критичных отклонениях	—	—	CEO Pack / управленческая отчётность	\N	\N	\N	\N	\N	\N	0	\N	\N	7
125	Производство №1	ПРО-B2	Риски / решения / сроки / ответственный	таблица	Ежемесячно	Управление	Обеспечить прозрачность управленческих решений	—	—	CEO Pack / реестр рисков	\N	\N	\N	\N	\N	\N	0	\N	\N	8
126	Производство №2	ПРО-M1	Выполнение производственного плана	плитка	Ежемесячно	Финансы	Обеспечить выпуск продукции под выручку и прибыль компании	Факт выпуска / План выпуска × 100%	%	1C	≥100%	\N	≥100%	≥100%	95–99,9%	<95%	30	\N	\N	0
127	Производство №2	ПРО-M2	Внутренний брак	плитка	Ежемесячно	Финансы	Снизить стоимость переделок и потери на производстве	Брак / Выпуск × 100%	%	1C	≤2,0%	\N	≤2,0%	≤2,0%	2,1–3,0%	>3,0%	25	\N	\N	1
128	Производство №2	ПРО-M3-1	ФОТ подразделения в пределах лимита	плитка	Ежемесячно	Финансы	Привязать руководителя направления к контролю ФОТ	Факт ФОТ / План ФОТ (по подразделению)	%	1C	<=100%	\N	<=100%	<100%	100–110%	>110%	30	\N	\N	2
129	Производство №2	ПРО-M3-2	Бюджет подразделения в пределах лимита	плитка	Ежемесячно	Финансы	Привязать руководителя направления к контролю затрат	Факт затрат / План затрат (по статьям расходов Отдел по работе с ключевыми клиентами)	%	1C	<=100%	\N	<=100%	<100%	100–110%	>110%	30	\N	\N	3
130	Производство №2	ПРО-Q4	Выполнение проектов улучшений / сокращения потерь	график	Ежеквартально	Развитие	Повышать производительность и снижать себестоимость	Выполненные инициативы / План квартала × 100%	%	Turbo Project	\N	≥90%	≥90%	≥90%	80–89,9%	<80%	15	\N	\N	4
131	Производство №2	ПРО-Q5	Текучесть персонала подразделения	график	Ежеквартально	Персонал	Снизить потери навыков	Уволенные / Среднесписочная численность × 100%	%	HR	\N	≤5%	≤20%	≤5%	5,1–7%	>7%	10	\N	\N	5
132	Производство №2	ПРО-C1	Тренд: Выполнение производственного плана / Внутренний брак	график	Ежемесячно	Финансы	Визуализация динамики ключевых показателей за 12 месяцев	Факт / План × 100%	%	1C	≥100%	\N	≥100%	≥100%	95–99,9%	<95%	0	\N	\N	6
133	Производство №2	ПРО-B1	ТОП-5 отклонений и корректирующие действия	таблица	Ежемесячно	Управление	Фокусировать внимание на критичных отклонениях	—	—	CEO Pack / управленческая отчётность	\N	\N	\N	\N	\N	\N	0	\N	\N	7
134	Производство №2	ПРО-B2	Риски / решения / сроки / ответственный	таблица	Ежемесячно	Управление	Обеспечить прозрачность управленческих решений	—	—	CEO Pack / реестр рисков	\N	\N	\N	\N	\N	\N	0	\N	\N	8
135	Производство БМИ	ПРО-M1	Доля проектов БМИ пр-во внешних заказов без отклонения бюджета <10%	плитка	Ежемесячно		Обеспечить выполнение сроков разработки	Проекты без отклонения отклонения бюджета <10% / Все активные проекты × 100%	%	Turbo Project	\N	\N	\N	\N	\N	\N	\N	\N	\N	1
136	Производство БМИ	ПРО-M2	Внутренний брак	плитка	Ежемесячно	Финансы	Снизить стоимость переделок и потери на производстве	Брак / Выпуск × 100%	%	1C	≤2,0%	\N	≤2,0%	≤2,0%	2,1–3,0%	>3,0%	25	\N	\N	2
137	Производство БМИ	ПРО-Q4	Доля проектов проектов улучшений  без отклонения >10 р.д.	график	Ежеквартально	Развитие	Повышать производительность и снижать себестоимость	Выполненные инициативы / План квартала × 100%	%	Turbo Project	\N	≥90%	≥90%	≥90%	80–89,9%	<80%	15	\N	\N	3
138	Производство БМИ	ПРО-Q5	Текучесть персонала подразделения	график	Ежеквартально	Персонал	Снизить потери навыков	Уволенные / Среднесписочная численность × 100%	%	HR	\N	≤5%	≤20%	≤5%	5,1–7%	>7%	10	\N	\N	4
139	Производство БМИ	ПРО-C1	Тренд: Доля проектов БМИ пр-во внешних заказов без отклонения >10 р.д. / Доля проектов БМИ пр-во внешних заказов без отклонения бюджета <10%	график	Ежемесячно	Финансы	Визуализация динамики ключевых показателей за 12 месяцев	Факт / План × 100%	%	Turbo Project	\N	\N	\N	\N	\N	\N	0	\N	\N	5
140	Производство БМИ	ПРО-B1	ТОП-5 отклонений и корректирующие действия	таблица	Ежемесячно	Управление	Фокусировать внимание на критичных отклонениях	—	—	CEO Pack / управленческая отчётность	\N	\N	\N	\N	\N	\N	0	\N	\N	6
141	Производство БМИ	ПРО-B2	Риски / решения / сроки / ответственный	таблица	Ежемесячно	Управление	Обеспечить прозрачность управленческих решений	—	—	CEO Pack / реестр рисков	\N	\N	\N	\N	\N	\N	0	\N	\N	7
142	ОМТО / служба логистики	ОМТ-M1	Обеспечение поставок ТМЦ в срок	плитка	Ежемесячно	Процессы	Не допустить срывов производства из-за снабжения	Поставки, выполненные в срок / Все поставки × 100%	%	1C	≥95%	\N	≥95%	≥95%	90–94,9%	<90%	30	\N	\N	0
143	ОМТО / служба логистики	ОМТ-M2	Отклонение закупочной цены от проектной / последней закупки	плитка	Ежемесячно	Финансы	Удерживать материальную себестоимость под контролем	(Фактическая цена - Проектная цена) / Проектная цена × 100%	%	1C	≤0% или в пределах допусков	\N	В пределах утверждённых допусков	В пределах нормы	В пределах согласованного допуска	Сверх допуска	25	\N	\N	1
144	ОМТО / служба логистики	ОМТ-M3	ФОТ подразделения в пределах лимита	плитка	Ежемесячно	Финансы	Привязать руководителя направления к контролю ФОТ	Факт ФОТ / План ФОТ (по подразделению)	%	1C	<=100%	\N	<=100%	<100%	100–110%	>110%	30	\N	\N	2
145	ОМТО / служба логистики	ОМТ-Q4	Доля лояльных / квалифицированных поставщиков	график	Ежеквартально	Развитие	Развивать качественную базу поставщиков	Поставщики, прошедшие оценку / Все активные поставщики × 100%	%	1C	\N	≥80%	≥80%	≥80%	70–79,9%	<70%	15	\N	\N	3
146	ОМТО / служба логистики	ОМТ-Q5	Текучесть персонала ОМТО / логистики	график	Ежеквартально	Персонал	Сохранить устойчивость снабжения	Уволенные / Среднесписочная численность × 100%	%	HR	\N	≤5%	≤20%	≤5%	5,1–7%	>7%	10	\N	\N	4
147	ОМТО / служба логистики	ОМТ-C1	Тренд: Обеспечение поставок ТМЦ в срок / Отклонение закупочной цены от проектной / последней закупки	график	Ежемесячно	Финансы	Визуализация динамики ключевых показателей за 12 месяцев	Факт / План × 100%	%	1C	≥95%	\N	≥95%	≥95%	90–94,9%	<90%	0	\N	\N	5
148	ОМТО / служба логистики	ОМТ-B1	ТОП-5 отклонений и корректирующие действия	таблица	Ежемесячно	Управление	Фокусировать внимание на критичных отклонениях	—	—	CEO Pack / управленческая отчётность	\N	\N	\N	\N	\N	\N	0	\N	\N	6
149	ОМТО / служба логистики	ОМТ-B2	Риски / решения / сроки / ответственный	таблица	Ежемесячно	Управление	Обеспечить прозрачность управленческих решений	—	—	CEO Pack / реестр рисков	\N	\N	\N	\N	\N	\N	0	\N	\N	7
150	Склад	СКЛ-M1	Точность складского учёта	плитка	Ежемесячно	Процессы	Обеспечить достоверные остатки	Позиции без расхождений / Проверенные позиции × 100%	%	1C	≥98%	\N	≥98%	≥98%	95–97,9%	<95%	30	\N	\N	0
151	Склад	СКЛ-M2	Своевременность комплектации и отгрузки	плитка	Ежемесячно	Клиенты	Не допускать срыва отгрузок по вине склада	Заказы, укомплектованные / отгруженные в срок / Все заказы × 100%	%	1C	≥95%	\N	≥95%	≥95%	90–94,9%	<90%	25	\N	\N	1
152	Склад	СКЛ-M3-1	ФОТ подразделения в пределах лимита	плитка	Ежемесячно		Привязать руководителя направления к контролю ФОТ	Факт ФОТ / План ФОТ (по подразделению)	%	1C	<=100%	\N	<=100%	<100%	100–110%	>110%	30	\N	\N	2
153	Склад	СКЛ-M3-2	Бюджет подразделения в пределах лимита	плитка	Ежемесячно	Финансы	Привязать руководителя направления к контролю затрат	Факт затрат / План затрат (по статьям расходов Отдел по работе с ключевыми клиентами)	%	1C	<=100%	\N	<=100%	<100%	100–110%	>110%	30	\N	\N	3
154	Склад	СКЛ-Q4	Оборачиваемость запасов	график	Ежеквартально	Развитие	Повысить скорость оборота капитала	Себестоимость выдачи / Средний запас за квартал	раз	1C	\N	Не ниже плана квартала	Не ниже плана года	План и выше	Отклонение до 10%	Отклонение >10%	15	\N	\N	4
155	Склад	СКЛ-Q5	Текучесть персонала склада	график	Ежеквартально	Персонал	Снизить ошибки и потери от сменяемости команды	Уволенные / Среднесписочная численность × 100%	%	HR	\N	≤5%	≤20%	≤5%	5,1–7%	>7%	10	\N	\N	5
156	Склад	СКЛ-C1	Тренд: Точность складского учёта / Своевременность комплектации и отгрузки	график	Ежемесячно	Финансы	Визуализация динамики ключевых показателей за 12 месяцев	Факт / План × 100%	%	1C	≥98%	\N	≥98%	≥98%	95–97,9%	<95%	0	\N	\N	6
157	Склад	СКЛ-B1	ТОП-5 отклонений и корректирующие действия	таблица	Ежемесячно	Управление	Фокусировать внимание на критичных отклонениях	—	—	CEO Pack / управленческая отчётность	\N	\N	\N	\N	\N	\N	0	\N	\N	7
158	Склад	СКЛ-B2	Риски / решения / сроки / ответственный	таблица	Ежемесячно	Управление	Обеспечить прозрачность управленческих решений	—	—	CEO Pack / реестр рисков	\N	\N	\N	\N	\N	\N	0	\N	\N	8
159	Финансовая служба / бухгалтерия	ФИН-M1	Своевременное закрытие периода	плитка	Ежемесячно	Финансы	Обеспечить управленческий цикл без задержек	Закрытие периода в календарный срок: 1 = да; 0 = нет	факт	1C	1	\N	12 из 12 закрытий в срок	1	Есть несущественное отклонение	Срыв срока	25	\N	\N	0
212	Служба управления персоналом	СЛУ-B1	ТОП-5 отклонений и корректирующие действия	таблица	Ежемесячно	Управление	Фокусировать внимание на критичных отклонениях	—	—	CEO Pack / управленческая отчётность	\N	\N	\N	\N	\N	\N	0	\N	\N	6
160	Финансовая служба / бухгалтерия	ФИН-M2	Точность БДР / управленческой отчётности	плитка	Ежемесячно	Финансы	Обеспечить одну версию правды	1 - (Количество существенных корректировок после выпуска отчётности / Количество отчётов)	коэфф.	1C	≥0,95	\N	≥0,95	≥0,95	0,90–0,949	<0,90>	25	\N	\N	1
161	Финансовая служба / бухгалтерия	ФИН-M3	ФОТ подразделения в пределах лимита	плитка	Ежемесячно	Финансы	Привязать руководителя направления к контролю ФОТ	Факт ФОТ / План ФОТ (по подразделению)	%	1C	<=100%	\N	<=100%	<100%	100–110%	>110%	30	\N	\N	2
162	Финансовая служба / бухгалтерия	ФИН-Q4	Доля проектов проектов улучшений  без отклонения >10 р.д.	график	Ежеквартально	Развитие	Повышать производительность и снижать себестоимость	Выполненные инициативы / План квартала × 100%	%	Turbo Project	\N	≥90%	≥90%	≥90%	80–89,9%	<80%	15	\N	\N	3
163	Финансовая служба / бухгалтерия	ФИН-Q5	Текучесть персонала финансовой службы	график	Ежеквартально	Персонал	Сохранить качество закрытия	Уволенные / Среднесписочная численность × 100%	%	HR	\N	≤5%	≤20%	≤5%	5,1–7%	>7%	15	\N	\N	4
164	Финансовая служба / бухгалтерия	ФИН-C1	Тренд: Своевременное закрытие периода / Точность БДР / управленческой отчётности	график	Ежемесячно	Финансы	Визуализация динамики ключевых показателей за 12 месяцев	Факт / План × 100%	%	1C	1	\N	12 из 12 закрытий в срок	1	Есть несущественное отклонение	Срыв срока	0	\N	\N	5
165	Финансовая служба / бухгалтерия	ФИН-B1	ТОП-5 отклонений и корректирующие действия	таблица	Ежемесячно	Управление	Фокусировать внимание на критичных отклонениях	—	—	CEO Pack / управленческая отчётность	\N	\N	\N	\N	\N	\N	0	\N	\N	6
166	Финансовая служба / бухгалтерия	ФИН-B2	Риски / решения / сроки / ответственный	таблица	Ежемесячно	Управление	Обеспечить прозрачность управленческих решений	—	—	CEO Pack / реестр рисков	\N	\N	\N	\N	\N	\N	0	\N	\N	7
167	Служба развития	СЛУ-M1	Обработка ЗПР / инициатив в срок	плитка	Ежемесячно	Развитие	Не допускать накопления инициатив	ЗПР, обработанные в срок / Все ЗПР × 100%	%	1C	≥95%	\N	≥95%	≥95%	90–94,9%	<90%	25	\N	\N	0
168	Служба развития	СЛУ-M2	Выполнение плана работы службы развития	плитка	Ежемесячно	Развитие	Держать ритм реализации инициатив	Выполненные задачи / План месяца × 100%	%	План службы / PMO	≥90%	\N	≥90%	≥90%	80–89,9%	<80%	20	\N	\N	1
169	Служба развития	СЛУ-M3-1	ФОТ подразделения в пределах лимита	плитка	Ежемесячно	Финансы	Привязать руководителя направления к контролю ФОТ	Факт ФОТ / План ФОТ (по подразделению)	%	1C	<=100%	\N	<=100%	<100%	100–110%	>110%	30	\N	\N	2
170	Служба развития	СЛУ-M3-2	Бюджет подразделения в пределах лимита	плитка	Ежемесячно		Привязать руководителя направления к контролю затрат	Факт затрат / План затрат (по статьям расходов Отдел по работе с ключевыми клиентами)	%	1C	<=100%	\N	<=100%	<100%	100–110%	>110%	\N	\N	\N	3
171	Служба развития	СЛУ-Q4	ROI / экономический эффект внедрённых инициатив	график	Ежеквартально	Развитие	Подтвердить, что развитие конвертируется в прибыль	Фактический эффект / Плановый эффект × 100%	%	Финмодели / БДР / PMO	\N	≥90%	≥90%	≥90%	80–89,9%	<80%	20	\N	\N	4
172	Служба развития	СЛУ-Q5	Текучесть персонала службы развития	график	Ежеквартально	Персонал	Сохранить экспертизу по изменениям и проектам	Уволенные / Среднесписочная численность × 100%	%	HR	\N	≤5%	≤20%	≤5%	5,1–7%	>7%	15	\N	\N	5
173	Служба развития	СЛУ-C1	Тренд: Обработка ЗПР / инициатив в срок / Выполнение плана работы службы развития	график	Ежемесячно	Финансы	Визуализация динамики ключевых показателей за 12 месяцев	Факт / План × 100%	%	1C	≥95%	\N	≥95%	≥95%	90–94,9%	<90%	0	\N	\N	6
174	Служба развития	СЛУ-B1	ТОП-5 отклонений и корректирующие действия	таблица	Ежемесячно	Управление	Фокусировать внимание на критичных отклонениях	—	—	CEO Pack / управленческая отчётность	\N	\N	\N	\N	\N	\N	0	\N	\N	7
175	Служба развития	СЛУ-B2	Риски / решения / сроки / ответственный	таблица	Ежемесячно	Управление	Обеспечить прозрачность управленческих решений	—	—	CEO Pack / реестр рисков	\N	\N	\N	\N	\N	\N	0	\N	\N	8
176	ИТ / автоматизация / сопровождение 1C	ИТ-M1-1	SLA по заявкам ИТ	плитка	Ежемесячно	Процессы	Не допускать остановок бизнеса	Заявки, закрытые в срок / Все заявки × 100%	%	1C	≥95%	\N	≥95%	≥95%	90–94,9%	<90%	25	\N	\N	0
177	ИТ / автоматизация / сопровождение 1C	ИТ-M1-2	SLA по заявкам  1C	плитка	Ежемесячно	Процессы	Не допускать остановок бизнеса	Заявки, закрытые в срок / Все заявки × 100%	%	1C	≥95%	\N	≥95%	≥95%	90–94,9%	<90%	25	\N	\N	1
178	ИТ / автоматизация / сопровождение 1C	ИТ-M2	Доступность критичных систем	плитка	Ежемесячно	Процессы	Сохранить непрерывность процессов	Время доступности / Календарное время × 100%	%		≥99,5%	\N	≥99,5%	≥99,5%	99,0–99,49%	<99,0%	25	\N	\N	2
179	ИТ / автоматизация / сопровождение 1C	ИТ-Q5	Текучесть персонала ИТ	график	Ежеквартально	Персонал	Сохранить знания по системам	Уволенные / Среднесписочная численность × 100%	%	HR	\N	≤5%	≤20%	≤5%	5,1–7%	>7%	15	\N	\N	3
180	ИТ / автоматизация / сопровождение 1C	ИТ-C1	Тренд: SLA по заявкам ИТ / SLA по заявкам  1C	график	Ежемесячно	Финансы	Визуализация динамики ключевых показателей за 12 месяцев	Факт / План × 100%	%	1C	≥95%	\N	≥95%	≥95%	90–94,9%	<90%	0	\N	\N	4
181	ИТ / автоматизация / сопровождение 1C	ИТ-B1	ТОП-5 отклонений и корректирующие действия	таблица	Ежемесячно	Управление	Фокусировать внимание на критичных отклонениях	—	—	CEO Pack / управленческая отчётность	\N	\N	\N	\N	\N	\N	0	\N	\N	5
182	ИТ / автоматизация / сопровождение 1C	ИТ-B2	Риски / решения / сроки / ответственный	таблица	Ежемесячно	Управление	Обеспечить прозрачность управленческих решений	—	—	CEO Pack / реестр рисков	\N	\N	\N	\N	\N	\N	0	\N	\N	6
183	Управление делами	УПР-M1	Регистрация входящих документов в день поступления	плитка	Ежемесячно	Процессы	Обеспечить управленческий цикл без потери документов	Документы, зарегистрированные в день поступления / Все документы × 100%	%	1C	≥95%	\N	≥95%	≥95%	90–94,9%	<90%	25	\N	\N	0
184	Управление делами	УПР-M2	Доля протоколов / поручений в срок	плитка	Ежемесячно	Процессы	Не допускать срыва управленческих решений	Протоколы/поручения в срок / Все протоколы/поручения × 100%	%	1C	≥95%	\N	≥95%	≥95%	90–94,9%	<90%	25	\N	\N	1
185	Управление делами	УПР-M3-1	ФОТ подразделения в пределах лимита	плитка	Ежемесячно	Финансы	Привязать руководителя направления к контролю ФОТ	Факт ФОТ / План ФОТ (по подразделению)	%	1C	<=100%	\N	<=100%	<100%	100–110%	>110%	30	\N	\N	2
186	Управление делами	УПР-M3-2	Бюджет подразделения в пределах лимита	плитка	Ежемесячно	Финансы	Привязать руководителя направления к контролю затрат	Факт затрат / План затрат (по статьям расходов Отдел по работе с ключевыми клиентами)	%	1C	<=100%	\N	<=100%	<100%	100–110%	>110%	\N	\N	\N	3
187	Управление делами	УПР-Q4	Доля проектов проектов улучшений  без отклонения >10 р.д.	график	Ежеквартально	Развитие	Повышать производительность и снижать себестоимость	Выполненные инициативы / План квартала × 100%	%	Turbo Project	\N	≥90%	≥90%	≥90%	80–89,9%	<80%	15	\N	\N	4
188	Управление делами	УПР-Q5	Текучесть персонала подразделения	график	Ежеквартально	Персонал	Сохранить устойчивость административного контура	Уволенные / Среднесписочная численность × 100%	%	HR	\N	≤5%	≤20%	≤5%	5,1–7%	>7%	15	\N	\N	5
189	Управление делами	УПР-C1	Тренд: Регистрация входящих документов в день поступления / Доля протоколов / поручений в срок	график	Ежемесячно	Финансы	Визуализация динамики ключевых показателей за 12 месяцев	Факт / План × 100%	%	1C	≥95%	\N	≥95%	≥95%	90–94,9%	<90%	0	\N	\N	6
190	Управление делами	УПР-B1	ТОП-5 отклонений и корректирующие действия	таблица	Ежемесячно	Управление	Фокусировать внимание на критичных отклонениях	—	—	CEO Pack / управленческая отчётность	\N	\N	\N	\N	\N	\N	0	\N	\N	7
191	Управление делами	УПР-B2	Риски / решения / сроки / ответственный	таблица	Ежемесячно	Управление	Обеспечить прозрачность управленческих решений	—	—	CEO Pack / реестр рисков	\N	\N	\N	\N	\N	\N	0	\N	\N	8
192	Транспортная служба	TRN-M1	Заявки на транспорт выполнены в срок	плитка	Ежемесячно	Процессы	Не допускать простоев и срывов поездок/отгрузок	Выполненные в срок заявки на транспорт / Все заявки на транспорт × 100%	%	1C	≥95%	\N	≥95%	≥95%	90–94,9%	<90%	30	\N	\N	0
193	Транспортная служба	TRN-M2	ФОТ подразделения в пределах лимита	плитка	Ежемесячно	Финансы	Привязать руководителя направления к контролю ФОТ	Факт ФОТ / План ФОТ (по подразделению)	%	1C	<=100%	\N	<=100%	<100%	100–110%	>110%	25	\N	\N	1
194	Транспортная служба	TRN-M3	Бюджет подразделения в пределах лимита	плитка	Ежемесячно	Финансы	Привязать руководителя направления к контролю затрат	Факт затрат / План затрат (по статьям расходов Отдел по работе с ключевыми клиентами)	%	1C	<=100%	\N	<=100%	<100%	100–110%	>110%	30	\N	\N	2
213	Служба управления персоналом	СЛУ-B2	Риски / решения / сроки / ответственный	таблица	Ежемесячно	Управление	Обеспечить прозрачность управленческих решений	—	—	CEO Pack / реестр рисков	\N	\N	\N	\N	\N	\N	0	\N	\N	7
195	Транспортная служба	TRN-Q1	Оптимизация транспортных маршрутов / использования ТС	график	Ежеквартально	Развитие	Снизить непроизводительные пробеги и повысить коэффициент использования транспорта	Выполненные меры квартала / План квартала × 100%	%		\N	≥90%	≥90%	≥90%	80–89,9%	<80%	15	\N	\N	3
196	Транспортная служба	TRN-Q2	Текучесть персонала транспортной службы	график	Ежеквартально	Персонал	Сохранить устойчивость транспортного обеспечения и дисциплину рейсов	Уволенные / Среднесписочная численность × 100%	%	HR	\N	≤5%	≤20%	≤5%	5,1–7%	>7%	10	\N	\N	4
197	Транспортная служба	TRN-C1	Тренд: Заявки на транспорт выполнены в срок / ФОТ подразделения в пределах лимита	график	Ежемесячно	Финансы	Визуализация динамики ключевых показателей за 12 месяцев	Факт / План × 100%	%	1C	≥95%	\N	≥95%	≥95%	90–94,9%	<90%	0	\N	\N	5
198	Транспортная служба	TRN-B1	ТОП-5 отклонений и корректирующие действия	таблица	Ежемесячно	Управление	Фокусировать внимание на критичных отклонениях	—	—	CEO Pack / управленческая отчётность	\N	\N	\N	\N	\N	\N	0	\N	\N	6
199	Транспортная служба	TRN-B2	Риски / решения / сроки / ответственный	таблица	Ежемесячно	Управление	Обеспечить прозрачность управленческих решений	—	—	CEO Pack / реестр рисков	\N	\N	\N	\N	\N	\N	0	\N	\N	7
206	Служба управления персоналом	СЛУ-M1	Закрытие критических вакансий в срок	плитка	Ежемесячно	Персонал	Обеспечить бизнес нужными людьми	Критические вакансии, закрытые в срок / Все критические вакансии × 100%	%	HR	≥90%	\N	≥90%	≥90%	80–89,9%	<80%	25	\N	\N	0
207	Служба управления персоналом	СЛУ-M2	ФОТ подразделения в пределах лимита	плитка	Ежемесячно	Персонал	Привязать руководителя направления к контролю ФОТ	Факт ФОТ / План ФОТ (по подразделению)	%	1C	<=100%	\N	<=100%	<100%	100–110%	>110%	25	\N	\N	1
208	Служба управления персоналом	СЛУ-M3-1	Бюджет подразделения в пределах лимита	плитка	Ежемесячно		Привязать руководителя направления к контролю затрат	Факт затрат / План затрат (по статьям расходов Отдел по работе с ключевыми клиентами)	%	1C	<=100%	\N	<=100%	<100%	100–110%	>110%	\N	\N	\N	2
209	Служба управления персоналом	СЛУ-Q4	Успешность адаптации / удержания в период адаптации	график	Ежеквартально	Развитие	Сделать найм устойчивым	Сотрудники, прошедшие адаптацию / Принятые сотрудники × 100%	%	HR	\N	≥85%	≥85%	≥85%	75–84,9%	<75%	15	\N	\N	3
210	Служба управления персоналом	СЛУ-Q5	Отсутствие критичных нарушений по ОТ и КДП	график	Ежеквартально	Развитие	Повышать устойчивость компании через развитие людей	1 - (Критичные нарушения / Все проверки)	%		1	\N	1	1	Есть несущественные нарушения	Есть критичное нарушение	15	\N	\N	4
211	Служба управления персоналом	СЛУ-C1	Тренд: Закрытие критических вакансий в срок / ФОТ подразделения в пределах лимита	график	Ежемесячно	Финансы	Визуализация динамики ключевых показателей за 12 месяцев	Факт / План × 100%	%	HR	≥90%	\N	≥90%	≥90%	80–89,9%	<80%	0	\N	\N	5
214	Служба безопасности	СЛУ-M1	Отсутствие критичных нарушений по безопасности	плитка	Ежемесячно	Риски	Не допустить событий, способных остановить деятельность	1 - (Критичные нарушения / Все проверки)	коэфф.	Журнал проверок / инцидентов	1	\N	1	1	Есть несущественные нарушения	Есть критичное нарушение	30	\N	\N	0
215	Служба безопасности	СЛУ-M2	Выполнение плана проверок / обходов	плитка	Ежемесячно	Процессы	Сохранить превентивный контроль	Проверки, выполненные по плану / План × 100%	%	Журнал проверок	≥95%	\N	≥95%	≥95%	90–94,9%	<90%	20	\N	\N	1
216	Служба безопасности	СЛУ-M3	ФОТ подразделения в пределах лимита	плитка	Ежемесячно	Финансы	Привязать руководителя направления к контролю ФОТ	Факт ФОТ / План ФОТ (по подразделению)	%	1C	<=100%	\N	<=100%	<100%	100–110%	>110%	30	\N	\N	2
217	Служба безопасности	СЛУ-Q4	Выполнение корректирующих мероприятий по безопасности	график	Ежеквартально	Развитие	Устойчиво снижать уровень риска	Выполненные мероприятия / План квартала × 100%	%	План мероприятий / реестр инцидентов	\N	≥90%	≥90%	≥90%	80–89,9%	<80%	15	\N	\N	3
218	Служба безопасности	СЛУ-Q5	Текучесть персонала службы безопасности	график	Ежеквартально	Персонал	Сохранить устойчивость контрольных функций	Уволенные / Среднесписочная численность × 100%	%	HR	\N	≤5%	≤20%	≤5%	5,1–7%	>7%	15	\N	\N	4
219	Служба безопасности	СЛУ-C1	Тренд: Отсутствие критичных нарушений по безопасности / Выполнение плана проверок / обходов	график	Ежемесячно	Финансы	Визуализация динамики ключевых показателей за 12 месяцев	Факт / План × 100%	%	Журнал проверок / инцидентов	1	\N	1	1	Есть несущественные нарушения	Есть критичное нарушение	0	\N	\N	5
220	Служба безопасности	СЛУ-B1	ТОП-5 отклонений и корректирующие действия	таблица	Ежемесячно	Управление	Фокусировать внимание на критичных отклонениях	—	—	CEO Pack / управленческая отчётность	\N	\N	\N	\N	\N	\N	0	\N	\N	6
221	Служба безопасности	СЛУ-B2	Риски / решения / сроки / ответственный	таблица	Ежемесячно	Управление	Обеспечить прозрачность управленческих решений	—	—	CEO Pack / реестр рисков	\N	\N	\N	\N	\N	\N	0	\N	\N	7
222	АХО	AHO-M1	Хозяйственные заявки выполнены в срок	плитка	Ежемесячно	Процессы	Обеспечить административно-хозяйственную поддержку без срыва работы подразделений	Выполненные в срок хозяйственные заявки / Все хозяйственные заявки × 100%	%	1C	≥95%	\N	≥95%	≥95%	90–94,9%	<90%	30	\N	\N	0
223	АХО	AHO-M2	ФОТ подразделения в пределах лимита	плитка	Ежемесячно	Финансы	Привязать руководителя направления к контролю ФОТ	Факт ФОТ / План ФОТ (по подразделению)	%	1C	<=100%	\N	<=100%	<100%	100–110%	>110%	25	\N	\N	1
224	АХО	AHO-M3	Бюджет подразделения в пределах лимита	плитка	Ежемесячно	Финансы	Привязать руководителя направления к контролю затрат	Факт затрат / План затрат (по статьям расходов Отдел по работе с ключевыми клиентами)	%	1C	<=100%	\N	<=100%	<100%	100–110%	>110%	30	\N	\N	2
225	АХО	AHO-Q2	Текучесть персонала АХО	график	Ежеквартально	Персонал	Сохранить устойчивость административно-хозяйственного контура	Уволенные / Среднесписочная численность × 100%	%	HR	\N	≤5%	≤20%	≤5%	5,1–7%	>7%	10	\N	\N	3
226	АХО	AHO-C1	Тренд: Хозяйственные заявки выполнены в срок / ФОТ подразделения в пределах лимита	график	Ежемесячно	Финансы	Визуализация динамики ключевых показателей за 12 месяцев	Факт / План × 100%	%	1C	≥95%	\N	≥95%	≥95%	90–94,9%	<90%	0	\N	\N	4
227	АХО	AHO-B1	ТОП-5 отклонений и корректирующие действия	таблица	Ежемесячно	Управление	Фокусировать внимание на критичных отклонениях	—	—	CEO Pack / управленческая отчётность	\N	\N	\N	\N	\N	\N	0	\N	\N	5
228	АХО	AHO-B2	Риски / решения / сроки / ответственный	таблица	Ежемесячно	Управление	Обеспечить прозрачность управленческих решений	—	—	CEO Pack / реестр рисков	\N	\N	\N	\N	\N	\N	0	\N	\N	6
241	Главный конструктор	GK-M1	Доля проектов КБ без отклонения >10 р.д.	плитка	Ежемесячно	Процессы	Обеспечить выполнение сроков разработки	Проекты без отклонения >10 р.д. / Все активные проекты × 100%	%	Реестр проектов / MS Project / 1С ERP+PM	≥90%	\N	≥90%	≥90%	80–89,9%	<80%	25	\N	\N	0
242	Главный конструктор	GK-M2	Качество КД с первого раза	плитка	Ежемесячно	Финансы	Снизить стоимость исправлений и ускорить запуск	Комплекты КД, принятые без возврата / Все переданные комплекты × 100%	%	PDM / журнал замечаний	≥92%	\N	≥92%	≥92%	85–91,9%	<85%	20	\N	\N	1
243	Главный конструктор	GK-M3	Бюджет и ФОТ блока в пределах лимита	плитка	Ежемесячно	Финансы	Привязать роль к контролю затрат и ФОТ блока	0,5 × MIN(1; План затрат блока / Факт затрат блока) + 0,5 × MIN(1; План ФОТ блока / Факт ФОТ блока)	%	БДР / 1С / ЗУП / HRIS	≥100%	\N	≥100%	≥100%	90–99,9%	<90%	20	\N	\N	2
244	Главный конструктор	GK-Q1	Выполнение плана развития продукта / НИОКР	плитка	Ежеквартально	Развитие	Обеспечить рост продуктового портфеля и новых решений	Закрытые вехи НИОКР / План квартала × 100%	%	Портфель проектов / дорожная карта развития	\N	≥90%	≥90%	≥90%	80–89,9%	<80%	20	\N	\N	3
245	Главный конструктор	GK-Q2	Текучесть персонала КБ	плитка	Ежеквартально	Персонал	Сохранить инженерные компетенции и устойчивость команд	Уволенные / Среднесписочная численность × 100%	%	HR-учёт / 1С ЗУП	\N	≤5%	≤20%	≤5%	5,1–7%	>7%	15	\N	\N	4
247	Главный конструктор	GK-C1	Тренд 12 месяцев: Доля проектов КБ / Качество КД / Бюджет и ФОТ	график	Ежемесячно	Процессы	Быстро увидеть динамику ключевых ежемесячных KPI	Показывать 12 последних закрытых периодов; для каждого KPI — факт, цель/план и маркер RAG	смешанные	Реестр проектов / PDM / БДР / 1С / ЗУП / HRIS	\N	\N	\N	По порогам KPI	По порогам KPI	По порогам KPI	0	multi_line_plan_fact_monthly	График тренда	6
249	Главный конструктор	GK-B1	ТОП-5 отклонений и корректирующие действия	таблица	Ежемесячно	Управление	Собрать только то, что требует действий	KPI со статусом Yellow/Red: показатель → причина → действие → срок → владелец → эффект	шт.	Реестр проектов / PDM / БДР / Портфель проектов / HR-учёт	\N	\N	\N	\N	\N	\N	0	\N	\N	8
250	Главный конструктор	GK-B2	Риски / решения / сроки / ответственный	таблица	Ежемесячно	Управление	Фиксировать, что именно нужно решить и кто отвечает за закрытие	Решения по красным зонам: риск → решение/эскалация → срок → ответственный → статус	шт.	Реестр поручений / CEO Pack / протоколы комитетов	\N	\N	\N	\N	\N	\N	0	\N	\N	9
251	Начальник конструкторско-технологического отдела	КОН-M1-1	Доля проектов КБ без отклонения >10 р.д.	плитка	Ежемесячно	Процессы	Обеспечить выполнение сроков разработки	Проекты без отклонения >10 р.д. / Все активные проекты × 100%	%	Turbo Project	≥90%	\N	≥90%	≥90%	80–89,9%	<80%	25	\N	\N	0
252	Начальник конструкторско-технологического отдела	КОН-M1-2	Доля проектов КБ без отклонения бюджета <10%	плитка	Ежемесячно	Процессы	Обеспечить выполнение сроков разработки	Проекты без отклонения бюджета <10% / Все активные проекты × 100%	%	Turbo Project	≥90%	\N	≥90%	≥90%	80–89,9%	<80%	25	\N	\N	1
253	Начальник конструкторско-технологического отдела	КОН-M2	Качество КД с первого раза	плитка	Ежемесячно	Финансы	Снизить стоимость исправлений и ускорить запуск	Комплекты КД, принятые без возврата / Все переданные комплекты × 100%	%	PDM / журнал замечаний	≥92%	\N	≥92%	≥92%	85–91,9%	<85%	20	\N	\N	2
254	Начальник конструкторско-технологического отдела	КОН-M3	ФОТ подразделения в пределах лимита	плитка	Ежемесячно	Финансы	Привязать руководителя подразделения к контролю затрат и ФОТ	План ФОТ подразделения / Факт ФОТ подразделения	%	1C	<=100%	\N	<=100%	<100%	100–110%	>110%	30	\N	\N	3
255	Начальник конструкторско-технологического отдела	КОН-Q4	Выполнение плана развития продукта / НИОКР	плитка	Ежеквартально	Развитие	Обеспечить рост продуктового портфеля	Закрытые вехи НИОКР / План квартала × 100%	%	Turbo Project	\N	≥90%	≥90%	≥90%	80–89,9%	<80%	20	\N	\N	4
256	Начальник конструкторско-технологического отдела	КОН-Q5	Текучесть персонала КБ	плитка	Ежеквартально	Персонал	Сохранить инженерные компетенции	Уволенные / Среднесписочная численность × 100%	%	HR	\N	≤5%	≤20%	≤5%	5,1–7%	>7%	15	\N	\N	5
257	Сектор разработки эталонного оборудования	КОН-M1-1	Доля проектов КБ без отклонения >10 р.д.	плитка	Ежемесячно	Процессы	Обеспечить выполнение сроков разработки	Проекты без отклонения >10 р.д. / Все активные проекты × 100%	%	Turbo Project	≥90%	\N	≥90%	≥90%	80–89,9%	<80%	25	\N	\N	0
258	Сектор разработки эталонного оборудования	КОН-M1-2	Доля проектов КБ без отклонения бюджета <10%	плитка	Ежемесячно	Процессы	Обеспечить выполнение сроков разработки	Проекты без отклонения бюджета <10% / Все активные проекты × 100%	%	Turbo Project	≥90%	\N	≥90%	≥90%	80–89,9%	<80%	25	\N	\N	1
259	Сектор разработки эталонного оборудования	КОН-M2	Качество КД с первого раза	плитка	Ежемесячно	Финансы	Снизить стоимость исправлений и ускорить запуск	Комплекты КД, принятые без возврата / Все переданные комплекты × 100%	%	PDM / журнал замечаний	≥92%	\N	≥92%	≥92%	85–91,9%	<85%	20	\N	\N	2
260	Сектор разработки эталонного оборудования	КОН-M3	ФОТ подразделения в пределах лимита	плитка	Ежемесячно	Финансы	Привязать руководителя подразделения к контролю затрат и ФОТ	План ФОТ подразделения / Факт ФОТ подразделения	%	1C	<=100%	\N	<=100%	<100%	100–110%	>110%	30	\N	\N	3
261	Сектор разработки эталонного оборудования	КОН-Q4	Выполнение плана развития продукта / НИОКР	плитка	Ежеквартально	Развитие	Обеспечить рост продуктового портфеля	Закрытые вехи НИОКР / План квартала × 100%	%	Turbo Project	\N	≥90%	≥90%	≥90%	80–89,9%	<80%	20	\N	\N	4
262	Сектор разработки эталонного оборудования	КОН-Q5	Текучесть персонала КБ	плитка	Ежеквартально	Персонал	Сохранить инженерные компетенции	Уволенные / Среднесписочная численность × 100%	%	HR	\N	≤5%	≤20%	≤5%	5,1–7%	>7%	15	\N	\N	5
263	Сектор разработки ультразвуковых датчиков	КОН-M1-1	Доля проектов КБ без отклонения >10 р.д.	плитка	Ежемесячно	Процессы	Обеспечить выполнение сроков разработки	Проекты без отклонения >10 р.д. / Все активные проекты × 100%	%	Turbo Project	≥90%	\N	≥90%	≥90%	80–89,9%	<80%	25	\N	\N	0
264	Сектор разработки ультразвуковых датчиков	КОН-M1-2	Доля проектов КБ без отклонения бюджета <10%	плитка	Ежемесячно	Процессы	Обеспечить выполнение сроков разработки	Проекты без отклонения бюджета <10% / Все активные проекты × 100%	%	Turbo Project	≥90%	\N	≥90%	≥90%	80–89,9%	<80%	25	\N	\N	1
265	Сектор разработки ультразвуковых датчиков	КОН-M2	Качество КД с первого раза	плитка	Ежемесячно	Финансы	Снизить стоимость исправлений и ускорить запуск	Комплекты КД, принятые без возврата / Все переданные комплекты × 100%	%	PDM / журнал замечаний	≥92%	\N	≥92%	≥92%	85–91,9%	<85%	20	\N	\N	2
266	Сектор разработки ультразвуковых датчиков	КОН-M3	ФОТ подразделения в пределах лимита	плитка	Ежемесячно	Финансы	Привязать руководителя подразделения к контролю затрат и ФОТ	План ФОТ подразделения / Факт ФОТ подразделения	%	1C	<=100%	\N	<=100%	<100%	100–110%	>110%	30	\N	\N	3
267	Сектор разработки ультразвуковых датчиков	КОН-Q4	Выполнение плана развития продукта / НИОКР	плитка	Ежеквартально	Развитие	Обеспечить рост продуктового портфеля	Закрытые вехи НИОКР / План квартала × 100%	%	Turbo Project	\N	≥90%	≥90%	≥90%	80–89,9%	<80%	20	\N	\N	4
268	Сектор разработки ультразвуковых датчиков	КОН-Q5	Текучесть персонала КБ	плитка	Ежеквартально	Персонал	Сохранить инженерные компетенции	Уволенные / Среднесписочная численность × 100%	%	HR	\N	≤5%	≤20%	≤5%	5,1–7%	>7%	15	\N	\N	5
269	Сектор разработки ультразвуковых кориолисовых измерений	КОН-M1-1	Доля проектов КБ без отклонения >10 р.д.	плитка	Ежемесячно	Процессы	Обеспечить выполнение сроков разработки	Проекты без отклонения >10 р.д. / Все активные проекты × 100%	%	Turbo Project	≥90%	\N	≥90%	≥90%	80–89,9%	<80%	25	\N	\N	0
270	Сектор разработки ультразвуковых кориолисовых измерений	КОН-M1-2	Доля проектов КБ без отклонения бюджета <10%	плитка	Ежемесячно	Процессы	Обеспечить выполнение сроков разработки	Проекты без отклонения бюджета <10% / Все активные проекты × 100%	%	Turbo Project	≥90%	\N	≥90%	≥90%	80–89,9%	<80%	25	\N	\N	1
271	Сектор разработки ультразвуковых кориолисовых измерений	КОН-M2	Качество КД с первого раза	плитка	Ежемесячно	Финансы	Снизить стоимость исправлений и ускорить запуск	Комплекты КД, принятые без возврата / Все переданные комплекты × 100%	%	PDM / журнал замечаний	≥92%	\N	≥92%	≥92%	85–91,9%	<85%	20	\N	\N	2
272	Сектор разработки ультразвуковых кориолисовых измерений	КОН-M3	ФОТ подразделения в пределах лимита	плитка	Ежемесячно	Финансы	Привязать руководителя подразделения к контролю затрат и ФОТ	План ФОТ подразделения / Факт ФОТ подразделения	%	1C	<=100%	\N	<=100%	<100%	100–110%	>110%	30	\N	\N	3
273	Сектор разработки ультразвуковых кориолисовых измерений	КОН-Q4	Выполнение плана развития продукта / НИОКР	плитка	Ежеквартально	Развитие	Обеспечить рост продуктового портфеля	Закрытые вехи НИОКР / План квартала × 100%	%	Turbo Project	\N	≥90%	≥90%	≥90%	80–89,9%	<80%	20	\N	\N	4
274	Сектор разработки ультразвуковых кориолисовых измерений	КОН-Q5	Текучесть персонала КБ	плитка	Ежеквартально	Персонал	Сохранить инженерные компетенции	Уволенные / Среднесписочная численность × 100%	%	HR	\N	≤5%	≤20%	≤5%	5,1–7%	>7%	15	\N	\N	5
275	Сектор разработки ПО и АСУ	КОН-M1-1	Доля проектов КБ без отклонения >10 р.д.	плитка	Ежемесячно	Процессы	Обеспечить выполнение сроков разработки	Проекты без отклонения >10 р.д. / Все активные проекты × 100%	%	Turbo Project	≥90%	\N	≥90%	≥90%	80–89,9%	<80%	25	\N	\N	0
276	Сектор разработки ПО и АСУ	КОН-M1-2	Доля проектов КБ без отклонения бюджета <10%	плитка	Ежемесячно	Процессы	Обеспечить выполнение сроков разработки	Проекты без отклонения бюджета <10% / Все активные проекты × 100%	%	Turbo Project	≥90%	\N	≥90%	≥90%	80–89,9%	<80%	25	\N	\N	1
277	Сектор разработки ПО и АСУ	КОН-M2	Качество КД с первого раза	плитка	Ежемесячно	Финансы	Снизить стоимость исправлений и ускорить запуск	Комплекты КД, принятые без возврата / Все переданные комплекты × 100%	%	PDM / журнал замечаний	≥92%	\N	≥92%	≥92%	85–91,9%	<85%	20	\N	\N	2
278	Сектор разработки ПО и АСУ	КОН-M3	ФОТ подразделения в пределах лимита	плитка	Ежемесячно	Финансы	Привязать руководителя подразделения к контролю затрат и ФОТ	План ФОТ подразделения / Факт ФОТ подразделения	%	1C	<=100%	\N	<=100%	<100%	100–110%	>110%	30	\N	\N	3
279	Сектор разработки ПО и АСУ	КОН-Q4	Выполнение плана развития продукта / НИОКР	плитка	Ежеквартально	Развитие	Обеспечить рост продуктового портфеля	Закрытые вехи НИОКР / План квартала × 100%	%	Turbo Project	\N	≥90%	≥90%	≥90%	80–89,9%	<80%	20	\N	\N	4
280	Сектор разработки ПО и АСУ	КОН-Q5	Текучесть персонала КБ	плитка	Ежеквартально	Персонал	Сохранить инженерные компетенции	Уволенные / Среднесписочная численность × 100%	%	HR	\N	≤5%	≤20%	≤5%	5,1–7%	>7%	15	\N	\N	5
317	Менеджер по развитию	СЛУ-M3-1	ФОТ подразделения в пределах лимита	плитка	Ежемесячно	Финансы	Привязать руководителя направления к контролю ФОТ	Факт ФОТ / План ФОТ (по подразделению)	%	1C	<=100%	\N	<=100%	<100%	100–110%	>110%	30	\N	\N	2
287	Директор по развитию	RD-M1	Обработка инициатив / ЗПР в срок	плитка	Ежемесячно	Развитие	Не допускать накопления инициатив и потери эффекта	Обработанные в срок ЗПР / Все ЗПР × 100%	%	Реестр ЗПР / служба развития	≥95%	\N	≥95%	≥95%	90–94,9%	<90%	25	\N	\N	0
288	Директор по развитию	RD-M2	Выполнение плана работы службы развития	плитка	Ежемесячно	Развитие	Держать ритм реализации инициатив	Выполненные задачи / План месяца × 100%	%	План службы / PMO	≥90%	\N	≥90%	≥90%	80–89,9%	<80%	20	\N	\N	1
289	Директор по развитию	RD-M3	Бюджет и ФОТ блока в пределах лимита	плитка	Ежемесячно	Финансы	Привязать роль к контролю затрат и ФОТ блока	0,5 × MIN(1; План затрат блока / Факт затрат блока) + 0,5 × MIN(1; План ФОТ блока / Факт ФОТ блока)	%	БДР / 1С / ЗУП / HRIS	≥100%	\N	≥100%	≥100%	90–99,9%	<90%	20	\N	\N	2
290	Директор по развитию	RD-Q1	ROI / экономический эффект внедрённых инициатив	плитка	Ежеквартально	Развитие	Подтвердить, что развитие конвертируется в прибыль	Фактический эффект / Плановый эффект × 100%	%	Финмодели / БДР / PMO	\N	≥90%	≥90%	≥90%	80–89,9%	<80%	20	\N	\N	3
291	Директор по развитию	RD-Q2	Текучесть персонала службы развития	плитка	Ежеквартально	Персонал	Сохранить экспертизу по изменениям и проектам	Уволенные / Среднесписочная численность × 100%	%	HR-учёт / 1С ЗУП	\N	≤5%	≤20%	≤5%	5,1–7%	>7%	15	\N	\N	4
292	Директор по развитию	RD-Y1	Годовой экономический эффект от проектов развития	плитка	Ежегодно	Финансы	Подтвердить вклад службы развития в рост прибыли компании	Фактический эффект / План × 100%	%	БДР / PMO / финмодели	\N	\N	≥100%	≥100%	90–99,9%	<90%	100	\N	\N	5
293	Директор по развитию	RD-C1	Тренд 12 месяцев: Обработка ЗПР / Выполнение плана / Бюджет и ФОТ	график	Ежемесячно	Развитие	Быстро увидеть динамику ключевых ежемесячных KPI	Показывать 12 последних закрытых периодов; для каждого KPI — факт, цель/план и маркер RAG	смешанные	Реестр ЗПР / План службы / БДР / 1С / ЗУП / HRIS	\N	\N	\N	По порогам KPI	По порогам KPI	По порогам KPI	0	multi_line_plan_fact_monthly	График тренда	6
294	Директор по развитию	RD-C2	Квартальный контроль: ROI / Текучесть; итог: Годовой эффект	график	Ежеквартально	Развитие	Показать, как квартальные и годовой KPI закрывают управленческую цель	Показывать план/факт квартала, статус RAG и вклад каждого квартального KPI в итоговый годовой показатель	смешанные	Финмодели / БДР / HR-учёт / PMO	\N	\N	\N	По порогам KPI	По порогам KPI	По порогам KPI	0	column_plan_fact_waterfall_quarterly	План/факт / waterfall	7
295	Директор по развитию	RD-B1	ТОП-5 отклонений и корректирующие действия	таблица	Ежемесячно	Управление	Собрать только то, что требует действий	KPI со статусом Yellow/Red: показатель → причина → действие → срок → владелец → эффект	шт.	Реестр ЗПР / План службы / БДР / Финмодели / HR-учёт	\N	\N	\N	\N	\N	\N	0	\N	\N	8
296	Директор по развитию	RD-B2	Риски / решения / сроки / ответственный	таблица	Ежемесячно	Управление	Фиксировать, что именно нужно решить и кто отвечает за закрытие	Решения по красным зонам: риск → решение/эскалация → срок → ответственный → статус	шт.	Реестр поручений / CEO Pack / протоколы комитетов	\N	\N	\N	\N	\N	\N	0	\N	\N	9
297	Начальник службы развития	СЛУ-M1	Обработка ЗПР / инициатив в срок	плитка	Ежемесячно	Развитие	Не допускать накопления инициатив	ЗПР, обработанные в срок / Все ЗПР × 100%	%	1C	≥95%	\N	≥95%	≥95%	90–94,9%	<90%	25	\N	\N	0
298	Начальник службы развития	СЛУ-M2	Выполнение плана работы службы развития	плитка	Ежемесячно	Развитие	Держать ритм реализации инициатив	Выполненные задачи / План месяца × 100%	%	План службы / PMO	≥90%	\N	≥90%	≥90%	80–89,9%	<80%	20	\N	\N	1
299	Начальник службы развития	СЛУ-M3-1	ФОТ подразделения в пределах лимита	плитка	Ежемесячно	Финансы	Привязать руководителя направления к контролю ФОТ	Факт ФОТ / План ФОТ (по подразделению)	%	1C	<=100%	\N	<=100%	<100%	100–110%	>110%	30	\N	\N	2
300	Начальник службы развития	СЛУ-M3-2	Бюджет подразделения в пределах лимита	плитка	Ежемесячно	Финансы	Привязать руководителя направления к контролю затрат	Факт затрат / План затрат (по статьям расходов)	%	1C	<=100%	\N	<=100%	<100%	100–110%	>110%	30	\N	\N	3
301	Начальник службы развития	СЛУ-Q4	ROI / экономический эффект внедрённых инициатив	плитка	Ежеквартально	Развитие	Подтвердить, что развитие конвертируется в прибыль	Фактический эффект / Плановый эффект × 100%	%	Финмодели / БДР / PMO	\N	≥90%	≥90%	≥90%	80–89,9%	<80%	20	\N	\N	4
302	Начальник службы развития	СЛУ-Q5	Текучесть персонала службы развития	плитка	Ежеквартально	Персонал	Сохранить экспертизу по изменениям и проектам	Уволенные / Среднесписочная численность × 100%	%	HR	\N	≤5%	≤20%	≤5%	5,1–7%	>7%	15	\N	\N	5
303	Сектор обучения и развития	СЛУ-M1	Обработка ЗПР / инициатив в срок	плитка	Ежемесячно	Развитие	Не допускать накопления инициатив	ЗПР, обработанные в срок / Все ЗПР × 100%	%	1C	≥95%	\N	≥95%	≥95%	90–94,9%	<90%	25	\N	\N	0
304	Сектор обучения и развития	СЛУ-M2	Выполнение плана работы службы развития	плитка	Ежемесячно	Развитие	Держать ритм реализации инициатив	Выполненные задачи / План месяца × 100%	%	План службы / PMO	≥90%	\N	≥90%	≥90%	80–89,9%	<80%	20	\N	\N	1
305	Сектор обучения и развития	СЛУ-M3-1	ФОТ подразделения в пределах лимита	плитка	Ежемесячно	Финансы	Привязать руководителя направления к контролю ФОТ	Факт ФОТ / План ФОТ (по подразделению)	%	1C	<=100%	\N	<=100%	<100%	100–110%	>110%	30	\N	\N	2
306	Сектор обучения и развития	СЛУ-M3-2	Бюджет подразделения в пределах лимита	плитка	Ежемесячно	Финансы	Привязать руководителя направления к контролю затрат	Факт затрат / План затрат (по статьям расходов)	%	1C	<=100%	\N	<=100%	<100%	100–110%	>110%	30	\N	\N	3
307	Сектор обучения и развития	СЛУ-Q4	ROI / экономический эффект внедрённых инициатив	плитка	Ежеквартально	Развитие	Подтвердить, что развитие конвертируется в прибыль	Фактический эффект / Плановый эффект × 100%	%	Финмодели / БДР / PMO	\N	≥90%	≥90%	≥90%	80–89,9%	<80%	20	\N	\N	4
308	Сектор обучения и развития	СЛУ-Q5	Текучесть персонала службы развития	плитка	Ежеквартально	Персонал	Сохранить экспертизу по изменениям и проектам	Уволенные / Среднесписочная численность × 100%	%	HR	\N	≤5%	≤20%	≤5%	5,1–7%	>7%	15	\N	\N	5
309	Руководитель сектора по внедрению искусственного интеллекта	СЛУ-M1	Обработка ЗПР / инициатив в срок	плитка	Ежемесячно	Развитие	Не допускать накопления инициатив	ЗПР, обработанные в срок / Все ЗПР × 100%	%	1C	≥95%	\N	≥95%	≥95%	90–94,9%	<90%	25	\N	\N	0
310	Руководитель сектора по внедрению искусственного интеллекта	СЛУ-M2	Выполнение плана работы службы развития	плитка	Ежемесячно	Развитие	Держать ритм реализации инициатив	Выполненные задачи / План месяца × 100%	%	План службы / PMO	≥90%	\N	≥90%	≥90%	80–89,9%	<80%	20	\N	\N	1
311	Руководитель сектора по внедрению искусственного интеллекта	СЛУ-M3-1	ФОТ подразделения в пределах лимита	плитка	Ежемесячно	Финансы	Привязать руководителя направления к контролю ФОТ	Факт ФОТ / План ФОТ (по подразделению)	%	1C	<=100%	\N	<=100%	<100%	100–110%	>110%	30	\N	\N	2
312	Руководитель сектора по внедрению искусственного интеллекта	СЛУ-M3-2	Бюджет подразделения в пределах лимита	плитка	Ежемесячно	Финансы	Привязать руководителя направления к контролю затрат	Факт затрат / План затрат (по статьям расходов)	%	1C	<=100%	\N	<=100%	<100%	100–110%	>110%	30	\N	\N	3
313	Руководитель сектора по внедрению искусственного интеллекта	СЛУ-Q4	ROI / экономический эффект внедрённых инициатив	плитка	Ежеквартально	Развитие	Подтвердить, что развитие конвертируется в прибыль	Фактический эффект / Плановый эффект × 100%	%	Финмодели / БДР / PMO	\N	≥90%	≥90%	≥90%	80–89,9%	<80%	20	\N	\N	4
314	Руководитель сектора по внедрению искусственного интеллекта	СЛУ-Q5	Текучесть персонала службы развития	плитка	Ежеквартально	Персонал	Сохранить экспертизу по изменениям и проектам	Уволенные / Среднесписочная численность × 100%	%	HR	\N	≤5%	≤20%	≤5%	5,1–7%	>7%	15	\N	\N	5
315	Менеджер по развитию	СЛУ-M1	Обработка ЗПР / инициатив в срок	плитка	Ежемесячно	Развитие	Не допускать накопления инициатив	ЗПР, обработанные в срок / Все ЗПР × 100%	%	1C	≥95%	\N	≥95%	≥95%	90–94,9%	<90%	25	\N	\N	0
316	Менеджер по развитию	СЛУ-M2	Выполнение плана работы службы развития	плитка	Ежемесячно	Развитие	Держать ритм реализации инициатив	Выполненные задачи / План месяца × 100%	%	План службы / PMO	≥90%	\N	≥90%	≥90%	80–89,9%	<80%	20	\N	\N	1
318	Менеджер по развитию	СЛУ-M3-2	Бюджет подразделения в пределах лимита	плитка	Ежемесячно	Финансы	Привязать руководителя направления к контролю затрат	Факт затрат / План затрат (по статьям расходов)	%	1C	<=100%	\N	<=100%	<100%	100–110%	>110%	30	\N	\N	3
319	Менеджер по развитию	СЛУ-Q4	ROI / экономический эффект внедрённых инициатив	плитка	Ежеквартально	Развитие	Подтвердить, что развитие конвертируется в прибыль	Фактический эффект / Плановый эффект × 100%	%	Финмодели / БДР / PMO	\N	≥90%	≥90%	≥90%	80–89,9%	<80%	20	\N	\N	4
320	Менеджер по развитию	СЛУ-Q5	Текучесть персонала службы развития	плитка	Ежеквартально	Персонал	Сохранить экспертизу по изменениям и проектам	Уволенные / Среднесписочная численность × 100%	%	HR	\N	≤5%	≤20%	≤5%	5,1–7%	>7%	15	\N	\N	5
321	Инженер по опытно-промышленной эксплуатации	СЛУ-M1	Обработка ЗПР / инициатив в срок	плитка	Ежемесячно	Развитие	Не допускать накопления инициатив	ЗПР, обработанные в срок / Все ЗПР × 100%	%	1C	≥95%	\N	≥95%	≥95%	90–94,9%	<90%	25	\N	\N	0
322	Инженер по опытно-промышленной эксплуатации	СЛУ-M2	Выполнение плана работы службы развития	плитка	Ежемесячно	Развитие	Держать ритм реализации инициатив	Выполненные задачи / План месяца × 100%	%	План службы / PMO	≥90%	\N	≥90%	≥90%	80–89,9%	<80%	20	\N	\N	1
323	Инженер по опытно-промышленной эксплуатации	СЛУ-M3-1	ФОТ подразделения в пределах лимита	плитка	Ежемесячно	Финансы	Привязать руководителя направления к контролю ФОТ	Факт ФОТ / План ФОТ (по подразделению)	%	1C	<=100%	\N	<=100%	<100%	100–110%	>110%	30	\N	\N	2
324	Инженер по опытно-промышленной эксплуатации	СЛУ-M3-2	Бюджет подразделения в пределах лимита	плитка	Ежемесячно	Финансы	Привязать руководителя направления к контролю затрат	Факт затрат / План затрат (по статьям расходов)	%	1C	<=100%	\N	<=100%	<100%	100–110%	>110%	30	\N	\N	3
325	Инженер по опытно-промышленной эксплуатации	СЛУ-Q4	ROI / экономический эффект внедрённых инициатив	плитка	Ежеквартально	Развитие	Подтвердить, что развитие конвертируется в прибыль	Фактический эффект / Плановый эффект × 100%	%	Финмодели / БДР / PMO	\N	≥90%	≥90%	≥90%	80–89,9%	<80%	20	\N	\N	4
326	Инженер по опытно-промышленной эксплуатации	СЛУ-Q5	Текучесть персонала службы развития	плитка	Ежеквартально	Персонал	Сохранить экспертизу по изменениям и проектам	Уволенные / Среднесписочная численность × 100%	%	HR	\N	≤5%	≤20%	≤5%	5,1–7%	>7%	15	\N	\N	5
327	Дизайнер	СЛУ-M1	Обработка ЗПР / инициатив в срок	плитка	Ежемесячно	Развитие	Не допускать накопления инициатив	ЗПР, обработанные в срок / Все ЗПР × 100%	%	1C	≥95%	\N	≥95%	≥95%	90–94,9%	<90%	25	\N	\N	0
328	Дизайнер	СЛУ-M2	Выполнение плана работы службы развития	плитка	Ежемесячно	Развитие	Держать ритм реализации инициатив	Выполненные задачи / План месяца × 100%	%	План службы / PMO	≥90%	\N	≥90%	≥90%	80–89,9%	<80%	20	\N	\N	1
329	Дизайнер	СЛУ-M3-1	ФОТ подразделения в пределах лимита	плитка	Ежемесячно	Финансы	Привязать руководителя направления к контролю ФОТ	Факт ФОТ / План ФОТ (по подразделению)	%	1C	<=100%	\N	<=100%	<100%	100–110%	>110%	30	\N	\N	2
330	Дизайнер	СЛУ-M3-2	Бюджет подразделения в пределах лимита	плитка	Ежемесячно	Финансы	Привязать руководителя направления к контролю затрат	Факт затрат / План затрат (по статьям расходов)	%	1C	<=100%	\N	<=100%	<100%	100–110%	>110%	30	\N	\N	3
331	Дизайнер	СЛУ-Q4	ROI / экономический эффект внедрённых инициатив	плитка	Ежеквартально	Развитие	Подтвердить, что развитие конвертируется в прибыль	Фактический эффект / Плановый эффект × 100%	%	Финмодели / БДР / PMO	\N	≥90%	≥90%	≥90%	80–89,9%	<80%	20	\N	\N	4
332	Дизайнер	СЛУ-Q5	Текучесть персонала службы развития	плитка	Ежеквартально	Персонал	Сохранить экспертизу по изменениям и проектам	Уволенные / Среднесписочная численность × 100%	%	HR	\N	≤5%	≤20%	≤5%	5,1–7%	>7%	15	\N	\N	5
333	Ведущий разработчик электронных курсов	СЛУ-M1	Обработка ЗПР / инициатив в срок	плитка	Ежемесячно	Развитие	Не допускать накопления инициатив	ЗПР, обработанные в срок / Все ЗПР × 100%	%	1C	≥95%	\N	≥95%	≥95%	90–94,9%	<90%	25	\N	\N	0
334	Ведущий разработчик электронных курсов	СЛУ-M2	Выполнение плана работы службы развития	плитка	Ежемесячно	Развитие	Держать ритм реализации инициатив	Выполненные задачи / План месяца × 100%	%	План службы / PMO	≥90%	\N	≥90%	≥90%	80–89,9%	<80%	20	\N	\N	1
367	Программист	ИТ-M1-1	SLA по заявкам ИТ	плитка	Ежемесячно	Процессы	Не допускать остановок бизнеса	Заявки, закрытые в срок / Все заявки × 100%	%	1С	≥95%	\N	≥95%	≥95%	90–94,9%	<90%	25	\N	\N	0
335	Ведущий разработчик электронных курсов	СЛУ-M3-1	ФОТ подразделения в пределах лимита	плитка	Ежемесячно	Финансы	Привязать руководителя направления к контролю ФОТ	Факт ФОТ / План ФОТ (по подразделению)	%	1C	<=100%	\N	<=100%	<100%	100–110%	>110%	30	\N	\N	2
336	Ведущий разработчик электронных курсов	СЛУ-M3-2	Бюджет подразделения в пределах лимита	плитка	Ежемесячно	Финансы	Привязать руководителя направления к контролю затрат	Факт затрат / План затрат (по статьям расходов)	%	1C	<=100%	\N	<=100%	<100%	100–110%	>110%	30	\N	\N	3
337	Ведущий разработчик электронных курсов	СЛУ-Q4	ROI / экономический эффект внедрённых инициатив	плитка	Ежеквартально	Развитие	Подтвердить, что развитие конвертируется в прибыль	Фактический эффект / Плановый эффект × 100%	%	Финмодели / БДР / PMO	\N	≥90%	≥90%	≥90%	80–89,9%	<80%	20	\N	\N	4
338	Ведущий разработчик электронных курсов	СЛУ-Q5	Текучесть персонала службы развития	плитка	Ежеквартально	Персонал	Сохранить экспертизу по изменениям и проектам	Уволенные / Среднесписочная численность × 100%	%	HR	\N	≤5%	≤20%	≤5%	5,1–7%	>7%	15	\N	\N	5
339	Разработчик электронных курсов	СЛУ-M1	Обработка ЗПР / инициатив в срок	плитка	Ежемесячно	Развитие	Не допускать накопления инициатив	ЗПР, обработанные в срок / Все ЗПР × 100%	%	1C	≥95%	\N	≥95%	≥95%	90–94,9%	<90%	25	\N	\N	0
340	Разработчик электронных курсов	СЛУ-M2	Выполнение плана работы службы развития	плитка	Ежемесячно	Развитие	Держать ритм реализации инициатив	Выполненные задачи / План месяца × 100%	%	План службы / PMO	≥90%	\N	≥90%	≥90%	80–89,9%	<80%	20	\N	\N	1
341	Разработчик электронных курсов	СЛУ-M3-1	ФОТ подразделения в пределах лимита	плитка	Ежемесячно	Финансы	Привязать руководителя направления к контролю ФОТ	Факт ФОТ / План ФОТ (по подразделению)	%	1C	<=100%	\N	<=100%	<100%	100–110%	>110%	30	\N	\N	2
342	Разработчик электронных курсов	СЛУ-M3-2	Бюджет подразделения в пределах лимита	плитка	Ежемесячно	Финансы	Привязать руководителя направления к контролю затрат	Факт затрат / План затрат (по статьям расходов)	%	1C	<=100%	\N	<=100%	<100%	100–110%	>110%	30	\N	\N	3
343	Разработчик электронных курсов	СЛУ-Q4	ROI / экономический эффект внедрённых инициатив	плитка	Ежеквартально	Развитие	Подтвердить, что развитие конвертируется в прибыль	Фактический эффект / Плановый эффект × 100%	%	Финмодели / БДР / PMO	\N	≥90%	≥90%	≥90%	80–89,9%	<80%	20	\N	\N	4
344	Разработчик электронных курсов	СЛУ-Q5	Текучесть персонала службы развития	плитка	Ежеквартально	Персонал	Сохранить экспертизу по изменениям и проектам	Уволенные / Среднесписочная численность × 100%	%	HR	\N	≤5%	≤20%	≤5%	5,1–7%	>7%	15	\N	\N	5
345	Промт-инженер	СЛУ-M1	Обработка ЗПР / инициатив в срок	плитка	Ежемесячно	Развитие	Не допускать накопления инициатив	ЗПР, обработанные в срок / Все ЗПР × 100%	%	1C	≥95%	\N	≥95%	≥95%	90–94,9%	<90%	25	\N	\N	0
346	Промт-инженер	СЛУ-M2	Выполнение плана работы службы развития	плитка	Ежемесячно	Развитие	Держать ритм реализации инициатив	Выполненные задачи / План месяца × 100%	%	План службы / PMO	≥90%	\N	≥90%	≥90%	80–89,9%	<80%	20	\N	\N	1
347	Промт-инженер	СЛУ-M3-1	ФОТ подразделения в пределах лимита	плитка	Ежемесячно	Финансы	Привязать руководителя направления к контролю ФОТ	Факт ФОТ / План ФОТ (по подразделению)	%	1C	<=100%	\N	<=100%	<100%	100–110%	>110%	30	\N	\N	2
348	Промт-инженер	СЛУ-M3-2	Бюджет подразделения в пределах лимита	плитка	Ежемесячно	Финансы	Привязать руководителя направления к контролю затрат	Факт затрат / План затрат (по статьям расходов)	%	1C	<=100%	\N	<=100%	<100%	100–110%	>110%	30	\N	\N	3
349	Промт-инженер	СЛУ-Q4	ROI / экономический эффект внедрённых инициатив	плитка	Ежеквартально	Развитие	Подтвердить, что развитие конвертируется в прибыль	Фактический эффект / Плановый эффект × 100%	%	Финмодели / БДР / PMO	\N	≥90%	≥90%	≥90%	80–89,9%	<80%	20	\N	\N	4
350	Промт-инженер	СЛУ-Q5	Текучесть персонала службы развития	плитка	Ежеквартально	Персонал	Сохранить экспертизу по изменениям и проектам	Уволенные / Среднесписочная численность × 100%	%	HR	\N	≤5%	≤20%	≤5%	5,1–7%	>7%	15	\N	\N	5
351	Служба автоматизации	IT-M1	SLA по заявкам ИТ / 1С	плитка	Ежемесячно	Процессы	Не допускать остановок бизнеса из-за ИТ-поддержки	Заявки, закрытые в срок / Все заявки × 100%	%	Service Desk / реестр заявок	≥95%	\N	≥95%	≥95%	90–94,9%	<90%	25	\N	\N	0
368	Программист	ИТ-M1-2	SLA по заявкам 1С	плитка	Ежемесячно	Процессы	Не допускать остановок бизнеса	Заявки, закрытые в срок / Все заявки × 100%	%	1С	≥95%	\N	≥95%	≥95%	90–94,9%	<90%	25	\N	\N	1
352	Служба автоматизации	IT-M2	Доступность критичных систем	плитка	Ежемесячно	Процессы	Сохранить непрерывность продаж, производства и учёта	Время доступности / Календарное время × 100%	%	Мониторинг ИТ / логи	≥99,5%	\N	≥99,5%	≥99,5%	99,0–99,49%	<99,0%	25	\N	\N	1
353	Служба автоматизации	IT-M3	Бюджет и ФОТ блока в пределах лимита	плитка	Ежемесячно	Финансы	Привязать роль к контролю затрат и ФОТ блока	0,5 × MIN(1; План затрат блока / Факт затрат блока) + 0,5 × MIN(1; План ФОТ блока / Факт ФОТ блока)	%	БДР / 1С / ЗУП / HRIS	≥100%	\N	≥100%	≥100%	90–99,9%	<90%	20	\N	\N	2
354	Служба автоматизации	IT-Q1	Выполнение плана автоматизации / цифровых проектов	плитка	Ежеквартально	Развитие	Повышать цифровую зрелость бизнеса	Выполненные инициативы / План квартала × 100%	%	План автоматизации / PMO	\N	≥90%	≥90%	≥90%	80–89,9%	<80%	15	\N	\N	3
355	Служба автоматизации	IT-Q2	Текучесть персонала ИТ	плитка	Ежеквартально	Персонал	Сохранить знания по системам и интеграциям	Уволенные / Среднесписочная численность × 100%	%	HR-учёт / 1С ЗУП	\N	≤5%	≤20%	≤5%	5,1–7%	>7%	15	\N	\N	4
356	Служба автоматизации	IT-Y1	Годовой экономический эффект от автоматизации	плитка	Ежегодно	Развитие	Подтвердить влияние ИТ на эффективность и прибыль	Подтверждённый экономический эффект / План × 100%	%	Финмодели / PMO / ИТ	\N	\N	≥100%	≥100%	90–99,9%	<90%	100	\N	\N	5
357	Служба автоматизации	IT-C1	Тренд 12 месяцев: SLA / Доступность / Бюджет и ФОТ	график	Ежемесячно	Процессы	Быстро увидеть динамику ключевых ежемесячных KPI	Показывать 12 последних закрытых периодов; для каждого KPI — факт, цель/план и маркер RAG	смешанные	Service Desk / Мониторинг ИТ / БДР / 1С / ЗУП / HRIS	\N	\N	\N	По порогам KPI	По порогам KPI	По порогам KPI	0	multi_line_plan_fact_monthly	График тренда	6
358	Служба автоматизации	IT-C2	Квартальный контроль: План автоматизации / Текучесть; итог: Годовой эффект	график	Ежеквартально	Развитие	Показать, как квартальные и годовой KPI закрывают управленческую цель	Показывать план/факт квартала, статус RAG и вклад каждого квартального KPI в итоговый годовой показатель	смешанные	План автоматизации / PMO / HR-учёт / Финмодели	\N	\N	\N	По порогам KPI	По порогам KPI	По порогам KPI	0	column_plan_fact_waterfall_quarterly	План/факт / waterfall	7
359	Служба автоматизации	IT-B1	ТОП-5 отклонений и корректирующие действия	таблица	Ежемесячно	Управление	Собрать только то, что требует действий	KPI со статусом Yellow/Red: показатель → причина → действие → срок → владелец → эффект	шт.	Service Desk / Мониторинг ИТ / БДР / План автоматизации / HR-учёт	\N	\N	\N	\N	\N	\N	0	\N	\N	8
360	Служба автоматизации	IT-B2	Риски / решения / сроки / ответственный	таблица	Ежемесячно	Управление	Фиксировать, что именно нужно решить и кто отвечает за закрытие	Решения по красным зонам: риск → решение/эскалация → срок → ответственный → статус	шт.	Реестр поручений / CEO Pack / протоколы комитетов	\N	\N	\N	\N	\N	\N	0	\N	\N	9
361	Начальник отдела сопровождения 1С	ИТ-M1-1	SLA по заявкам ИТ	плитка	Ежемесячно	Процессы	Не допускать остановок бизнеса	Заявки, закрытые в срок / Все заявки × 100%	%	1С	≥95%	\N	≥95%	≥95%	90–94,9%	<90%	25	\N	\N	0
362	Начальник отдела сопровождения 1С	ИТ-M1-2	SLA по заявкам 1С	плитка	Ежемесячно	Процессы	Не допускать остановок бизнеса	Заявки, закрытые в срок / Все заявки × 100%	%	1С	≥95%	\N	≥95%	≥95%	90–94,9%	<90%	25	\N	\N	1
363	Начальник отдела сопровождения 1С	ИТ-M2	Доступность критичных систем	плитка	Ежемесячно	Процессы	Сохранить непрерывность процессов	Время доступности / Календарное время × 100%	%	Мониторинг ИТ / логи	≥99,5%	\N	≥99,5%	≥99,5%	99,0–99,49%	<99,0%	25	\N	\N	2
364	Начальник отдела сопровождения 1С	ИТ-M3	Бюджет и ФОТ подразделения в пределах лимита	плитка	Ежемесячно	Финансы	Привязать руководителя подразделения к контролю затрат и ФОТ	0,5 × MIN(1; План затрат подразделения / Факт затрат подразделения) + 0,5 × MIN(1; План ФОТ подразделения / Факт ФОТ подразделения)	%	БДР / 1С / ЗУП / HRIS	≥100%	\N	≥100%	≥100%	90–99,9%	<90%	30	\N	\N	3
365	Начальник отдела сопровождения 1С	ИТ-Q4	Выполнение плана автоматизации / цифровых проектов	плитка	Ежеквартально	Развитие	Повышать цифровую зрелость бизнеса	Выполненные инициативы / План квартала × 100%	%	План автоматизации / PMO	\N	≥90%	≥90%	≥90%	80–89,9%	<80%	15	\N	\N	4
366	Начальник отдела сопровождения 1С	ИТ-Q5	Текучесть персонала ИТ	плитка	Ежеквартально	Персонал	Сохранить знания по системам	Уволенные / Среднесписочная численность × 100%	%	HR	\N	≤5%	≤20%	≤5%	5,1–7%	>7%	15	\N	\N	5
369	Программист	ИТ-M2	Доступность критичных систем	плитка	Ежемесячно	Процессы	Сохранить непрерывность процессов	Время доступности / Календарное время × 100%	%	Мониторинг ИТ / логи	≥99,5%	\N	≥99,5%	≥99,5%	99,0–99,49%	<99,0%	25	\N	\N	2
370	Программист	ИТ-M3	Бюджет и ФОТ подразделения в пределах лимита	плитка	Ежемесячно	Финансы	Привязать руководителя подразделения к контролю затрат и ФОТ	0,5 × MIN(1; План затрат подразделения / Факт затрат подразделения) + 0,5 × MIN(1; План ФОТ подразделения / Факт ФОТ подразделения)	%	БДР / 1С / ЗУП / HRIS	≥100%	\N	≥100%	≥100%	90–99,9%	<90%	30	\N	\N	3
371	Программист	ИТ-Q4	Выполнение плана автоматизации / цифровых проектов	плитка	Ежеквартально	Развитие	Повышать цифровую зрелость бизнеса	Выполненные инициативы / План квартала × 100%	%	План автоматизации / PMO	\N	≥90%	≥90%	≥90%	80–89,9%	<80%	15	\N	\N	4
372	Программист	ИТ-Q5	Текучесть персонала ИТ	плитка	Ежеквартально	Персонал	Сохранить знания по системам	Уволенные / Среднесписочная численность × 100%	%	HR	\N	≤5%	≤20%	≤5%	5,1–7%	>7%	15	\N	\N	5
373	Архитектор базы данных	ИТ-M1-1	SLA по заявкам ИТ	плитка	Ежемесячно	Процессы	Не допускать остановок бизнеса	Заявки, закрытые в срок / Все заявки × 100%	%	1С	≥95%	\N	≥95%	≥95%	90–94,9%	<90%	25	\N	\N	0
374	Архитектор базы данных	ИТ-M1-2	SLA по заявкам 1С	плитка	Ежемесячно	Процессы	Не допускать остановок бизнеса	Заявки, закрытые в срок / Все заявки × 100%	%	1С	≥95%	\N	≥95%	≥95%	90–94,9%	<90%	25	\N	\N	1
375	Архитектор базы данных	ИТ-M2	Доступность критичных систем	плитка	Ежемесячно	Процессы	Сохранить непрерывность процессов	Время доступности / Календарное время × 100%	%	Мониторинг ИТ / логи	≥99,5%	\N	≥99,5%	≥99,5%	99,0–99,49%	<99,0%	25	\N	\N	2
376	Архитектор базы данных	ИТ-M3	Бюджет и ФОТ подразделения в пределах лимита	плитка	Ежемесячно	Финансы	Привязать руководителя подразделения к контролю затрат и ФОТ	0,5 × MIN(1; План затрат подразделения / Факт затрат подразделения) + 0,5 × MIN(1; План ФОТ подразделения / Факт ФОТ подразделения)	%	БДР / 1С / ЗУП / HRIS	≥100%	\N	≥100%	≥100%	90–99,9%	<90%	30	\N	\N	3
377	Архитектор базы данных	ИТ-Q4	Выполнение плана автоматизации / цифровых проектов	плитка	Ежеквартально	Развитие	Повышать цифровую зрелость бизнеса	Выполненные инициативы / План квартала × 100%	%	План автоматизации / PMO	\N	≥90%	≥90%	≥90%	80–89,9%	<80%	15	\N	\N	4
378	Архитектор базы данных	ИТ-Q5	Текучесть персонала ИТ	плитка	Ежеквартально	Персонал	Сохранить знания по системам	Уволенные / Среднесписочная численность × 100%	%	HR	\N	≤5%	≤20%	≤5%	5,1–7%	>7%	15	\N	\N	5
379	Начальник отдела информационных технологий	ИТ-M1-1	SLA по заявкам ИТ	плитка	Ежемесячно	Процессы	Не допускать остановок бизнеса	Заявки, закрытые в срок / Все заявки × 100%	%	1С	≥95%	\N	≥95%	≥95%	90–94,9%	<90%	25	\N	\N	0
380	Начальник отдела информационных технологий	ИТ-M1-2	SLA по заявкам 1С	плитка	Ежемесячно	Процессы	Не допускать остановок бизнеса	Заявки, закрытые в срок / Все заявки × 100%	%	1С	≥95%	\N	≥95%	≥95%	90–94,9%	<90%	25	\N	\N	1
381	Начальник отдела информационных технологий	ИТ-M2	Доступность критичных систем	плитка	Ежемесячно	Процессы	Сохранить непрерывность процессов	Время доступности / Календарное время × 100%	%	Мониторинг ИТ / логи	≥99,5%	\N	≥99,5%	≥99,5%	99,0–99,49%	<99,0%	25	\N	\N	2
382	Начальник отдела информационных технологий	ИТ-M3	Бюджет и ФОТ подразделения в пределах лимита	плитка	Ежемесячно	Финансы	Привязать руководителя подразделения к контролю затрат и ФОТ	0,5 × MIN(1; План затрат подразделения / Факт затрат подразделения) + 0,5 × MIN(1; План ФОТ подразделения / Факт ФОТ подразделения)	%	БДР / 1С / ЗУП / HRIS	≥100%	\N	≥100%	≥100%	90–99,9%	<90%	30	\N	\N	3
383	Начальник отдела информационных технологий	ИТ-Q4	Выполнение плана автоматизации / цифровых проектов	плитка	Ежеквартально	Развитие	Повышать цифровую зрелость бизнеса	Выполненные инициативы / План квартала × 100%	%	План автоматизации / PMO	\N	≥90%	≥90%	≥90%	80–89,9%	<80%	15	\N	\N	4
384	Начальник отдела информационных технологий	ИТ-Q5	Текучесть персонала ИТ	плитка	Ежеквартально	Персонал	Сохранить знания по системам	Уволенные / Среднесписочная численность × 100%	%	HR	\N	≤5%	≤20%	≤5%	5,1–7%	>7%	15	\N	\N	5
385	Помощник системного администратора	ИТ-M1-1	SLA по заявкам ИТ	плитка	Ежемесячно	Процессы	Не допускать остановок бизнеса	Заявки, закрытые в срок / Все заявки × 100%	%	1С	≥95%	\N	≥95%	≥95%	90–94,9%	<90%	25	\N	\N	0
386	Помощник системного администратора	ИТ-M1-2	SLA по заявкам 1С	плитка	Ежемесячно	Процессы	Не допускать остановок бизнеса	Заявки, закрытые в срок / Все заявки × 100%	%	1С	≥95%	\N	≥95%	≥95%	90–94,9%	<90%	25	\N	\N	1
387	Помощник системного администратора	ИТ-M2	Доступность критичных систем	плитка	Ежемесячно	Процессы	Сохранить непрерывность процессов	Время доступности / Календарное время × 100%	%	Мониторинг ИТ / логи	≥99,5%	\N	≥99,5%	≥99,5%	99,0–99,49%	<99,0%	25	\N	\N	2
388	Помощник системного администратора	ИТ-M3	Бюджет и ФОТ подразделения в пределах лимита	плитка	Ежемесячно	Финансы	Привязать руководителя подразделения к контролю затрат и ФОТ	0,5 × MIN(1; План затрат подразделения / Факт затрат подразделения) + 0,5 × MIN(1; План ФОТ подразделения / Факт ФОТ подразделения)	%	БДР / 1С / ЗУП / HRIS	≥100%	\N	≥100%	≥100%	90–99,9%	<90%	30	\N	\N	3
389	Помощник системного администратора	ИТ-Q4	Выполнение плана автоматизации / цифровых проектов	плитка	Ежеквартально	Развитие	Повышать цифровую зрелость бизнеса	Выполненные инициативы / План квартала × 100%	%	План автоматизации / PMO	\N	≥90%	≥90%	≥90%	80–89,9%	<80%	15	\N	\N	4
390	Помощник системного администратора	ИТ-Q5	Текучесть персонала ИТ	плитка	Ежеквартально	Персонал	Сохранить знания по системам	Уволенные / Среднесписочная численность × 100%	%	HR	\N	≤5%	≤20%	≤5%	5,1–7%	>7%	15	\N	\N	5
391	Операционный директор	OD-M1	Выручка (без НДС) — выполнение плана	плитка	ежемесячно	Финансы	Обеспечить выполнение БДР по выручке как базу для прибыли и ликвидности	Фактическая выручка (без НДС) / План выручки периода × 100%	%	БДР / управленческая отчётность / 1С	≥100%	\N	Не менее 2 414 157 тыс. руб.	≥100%	95–99,9%	<95%	30	\N	\N	0
392	Операционный директор	OD-M2	Чистая прибыль — выполнение плана	плитка	ежемесячно	Финансы	Обеспечить итоговый финансовый результат компании	Фактическая чистая прибыль / План чистой прибыли периода × 100%	%	БДР / управленческая отчётность / 1С	≥100%	\N	Не менее 333 683 848 руб.	≥100%	95–99,9%	<95%	30	\N	\N	1
393	Операционный директор	OD-M3	Бюджет и ФОТ компании / управленческого контура в пределах лимита	плитка	ежемесячно	Финансы	Привязать роль к контролю затрат и ФОТ компании / управленческого контура	0,5 × MIN(1; План затрат блока / Факт затрат блока) + 0,5 × MIN(1; План ФОТ блока / Факт ФОТ блока)	%	БДР / 1С / ЗУП / HRIS	≥100%	\N	≥100%	≥100%	90–99,9%	<90%	20	\N	\N	2
394	Операционный директор	OD-Q1	Выполнение ключевых инициатив и проектов 2026	плитка	ежеквартально	Развитие	Удерживать не только финансовый результат, но и темп развития системы управления	Инициативы/проекты, закрытые в срок / План квартала × 100%	%	Реестр проектов / КПД / PMO	\N	≥90%	≥90% годового плана инициатив	≥90%	80–89,9%	<80%	15	\N	\N	3
395	Операционный директор	OD-Q2	Текучесть персонала компании	плитка	ежеквартально	Персонал	Снизить потери производительности и затрат на замещение персонала	Количество уволенных за период / Среднесписочная численность × 100%	%	HR-учёт / 1С ЗУП	\N	≤5%	≤20%	≤5%	5,1–7%	>7%	10	\N	\N	4
396	Операционный директор	OD-Y1	Годовой индекс достижения целей компании	плитка	ежегодно	Финансы	Свести финансовые, проектные и кадровые результаты в единый итоговый KPI	Композитный индекс: выручка + прибыль + рентабельность + инициативы + текучесть	индекс	CEO Pack / БДР / KPI Pack	\N	\N	≥0,90	≥0,90	0,80–0,899	<0,80	100	\N	\N	5
397	Заместитель операционного директора-директор по производству	DCOO-M1	Доля проектов/заказов «в срок»	плитка	ежемесячно	Процессы	Обеспечить выполнение критичных сроков по компании в операционном цикле	Проекты/заказы в срок / Все проекты/заказы × 100%	%	PMO / ERP / графики исполнения	≥90%	\N	\N	≥90%	80–89,9%	<80%	30	\N	\N	0
398	Заместитель операционного директора-директор по производству	DCOO-M2	Исполнение плана операционных решений и поручений	плитка	ежемесячно	Процессы	Держать ритм управленческого цикла и не допускать просрочки по ключевым действиям	Поручения, выполненные в срок / Все поручения × 100%	%	Реестр поручений / управление делами / 1С ERP	≥95%	\N	\N	≥95%	90–94,9%	<90%	20	\N	\N	1
399	Заместитель операционного директора-директор по производству	DCOO-M3	Бюджет и ФОТ компании / управленческого контура в пределах лимита	плитка	ежемесячно	Финансы	Привязать роль к контролю затрат и ФОТ компании / управленческого контура	0,5 × MIN(1; План затрат блока / Факт затрат блока) + 0,5 × MIN(1; План ФОТ блока / Факт ФОТ блока)	%	БДР / 1С / ЗУП / HRIS	≥100%	\N	≥100%	≥100%	90–99,9%	<90%	20	\N	\N	2
400	Заместитель операционного директора-директор по производству	DCOO-Q1	Выполнение квартального плана изменений / улучшений	плитка	ежеквартально	Развитие	Ускорять внедрение новой системы управления и операционных улучшений	Выполненные инициативы / План квартала × 100%	%	Реестр проектов / дорожная карта 2026	\N	≥90%	\N	≥90%	80–89,9%	<80%	20	\N	\N	3
401	Заместитель операционного директора-директор по производству	DCOO-Q2	Текучесть персонала компании	плитка	ежеквартально	Персонал	Снизить потери производительности и обеспечить устойчивость операционного контура	Уволенные / Среднесписочная численность × 100%	%	HR-учёт / HRIS	\N	≤5%	≤20%	≤5%	5,1–7%	>7%	15	\N	\N	4
402	Заместитель операционного директора-директор по производству	DCOO-Y1	Годовой индекс операционной результативности	плитка	ежегодно	Финансы	Подтвердить вклад роли в прибыль и управляемость компании	Композитный индекс: сроки + решения + отклонения + развитие	индекс	CEO Pack / KPI Pack / PMO	\N	\N	≥0,90	≥0,90	0,80–0,899	<0,80	100	\N	\N	5
403	Главный метролог	МЕТ-M1	План производства в части МС	плитка	Ежемесячно	Финансы	Выполнить план по услугам поверки/ремонта	Факт выполнения плана производства в части МС / План производства в части МС × 100%	%	1С	≥100%	\N	≥100%	≥100%	95–99,9%	<95%	25	\N	\N	0
404	Главный метролог	МЕТ-M2	SLA по поверке / ремонту	плитка	Ежемесячно	Процессы	Соблюдать сроки услуг	Работы, выполненные в срок / Все работы × 100%	%	1С	≥95%	\N	≥95%	≥95%	90–94,9%	<90%	20	\N	\N	1
405	Главный метролог	МЕТ-M3-1	ФОТ подразделения в пределах лимита	плитка	Ежемесячно	Финансы	Привязать руководителя направления к контролю ФОТ	Факт ФОТ / План ФОТ (по подразделению)	%	1С	<=100%	\N	<=100%	<100%	100–110%	>110%	30	\N	\N	2
406	Главный метролог	МЕТ-M3-2	Бюджет подразделения в пределах лимита	плитка	Ежемесячно	Финансы	Привязать руководителя направления к контролю затрат	Факт затрат / План затрат (по статьям расходов подразделения)	%	1С	<=100%	\N	<=100%	<100%	100–110%	>110%	30	\N	\N	3
407	Главный метролог	МЕТ-Q4-1	Доля проектов МС без отклонения >10 р.д.	плитка	Ежеквартально	Развитие	Обеспечить выполнение сроков разработки	Проекты без отклонения >10 р.д. / Все активные проекты × 100%	%	Turbo Project	≥90%	\N	≥90%	≥90%	80–89,9%	<80%	25	\N	\N	4
408	Главный метролог	МЕТ-Q4-2	Доля проектов МС без отклонения бюджета <10%	плитка	Ежеквартально	Развитие	Обеспечить выполнение сроков разработки	Проекты без отклонения бюджета <10% / Все активные проекты × 100%	%	Turbo Project	≥90%	\N	≥90%	≥90%	80–89,9%	<80%	25	\N	\N	5
409	Главный метролог	МЕТ-Q5	Текучесть персонала МС	плитка	Ежеквартально	Персонал	Сохранить квалифицированных поверителей	Уволенные / Среднесписочная численность × 100%	%	HR	\N	≤5%	≤20%	≤5%	5,1–7%	>7%	15	\N	\N	6
410	Главный метролог	МЕТ-C1	Тренд: План производства в части МС / SLA по поверке / ремонту	график	Ежемесячно	Финансы	Визуализация динамики ключевых показателей за 12 месяцев	Факт / План × 100%	%	1С	≥100%	\N	≥100%	≥100%	95–99,9%	<95%	0	multi_line_plan_fact_monthly	График тренда	7
411	Главный метролог	МЕТ-B1	ТОП-5 отклонений и корректирующие действия	таблица	Ежемесячно	Управление	Фокусировать внимание на критичных отклонениях	—	—	CEO Pack / управленческая отчётность	\N	\N	\N	\N	\N	\N	0	\N	\N	8
412	Главный метролог	МЕТ-B2	Риски / решения / сроки / ответственный	таблица	Ежемесячно	Управление	Обеспечить прозрачность управленческих решений	—	—	CEO Pack / реестр рисков	\N	\N	\N	\N	\N	\N	0	\N	\N	9
413	Заместитель главного метролога	МЕТ-M1	План производства в части МС	плитка	Ежемесячно	Финансы	Выполнить план по услугам поверки/ремонта	Факт выполнения плана производства в части МС / План производства в части МС × 100%	%	1С	≥100%	\N	≥100%	≥100%	95–99,9%	<95%	25	\N	\N	0
414	Заместитель главного метролога	МЕТ-M2	SLA по поверке / ремонту	плитка	Ежемесячно	Процессы	Соблюдать сроки услуг	Работы, выполненные в срок / Все работы × 100%	%	1С	≥95%	\N	≥95%	≥95%	90–94,9%	<90%	20	\N	\N	1
415	Заместитель главного метролога	МЕТ-M3-1	ФОТ подразделения в пределах лимита	плитка	Ежемесячно	Финансы	Привязать руководителя направления к контролю ФОТ	Факт ФОТ / План ФОТ (по подразделению)	%	1С	<=100%	\N	<=100%	<100%	100–110%	>110%	30	\N	\N	2
416	Заместитель главного метролога	МЕТ-M3-2	Бюджет подразделения в пределах лимита	плитка	Ежемесячно	Финансы	Привязать руководителя направления к контролю затрат	Факт затрат / План затрат (по статьям расходов подразделения)	%	1С	<=100%	\N	<=100%	<100%	100–110%	>110%	30	\N	\N	3
417	Заместитель главного метролога	МЕТ-Q4-1	Доля проектов МС без отклонения >10 р.д.	плитка	Ежеквартально	Развитие	Обеспечить выполнение сроков разработки	Проекты без отклонения >10 р.д. / Все активные проекты × 100%	%	Turbo Project	≥90%	\N	≥90%	≥90%	80–89,9%	<80%	25	\N	\N	4
418	Заместитель главного метролога	МЕТ-Q5	Текучесть персонала МС	плитка	Ежеквартально	Персонал	Сохранить квалифицированных поверителей	Уволенные / Среднесписочная численность × 100%	%	HR	\N	≤5%	≤20%	≤5%	5,1–7%	>7%	15	\N	\N	5
419	Ведущий инженер по метрологии	МЕТ-M1	План производства в части МС	плитка	Ежемесячно	Финансы	Выполнить план по услугам поверки/ремонта	Факт выполнения плана производства в части МС / План производства в части МС × 100%	%	1С	≥100%	\N	≥100%	≥100%	95–99,9%	<95%	25	\N	\N	0
420	Ведущий инженер по метрологии	МЕТ-M2	SLA по поверке / ремонту	плитка	Ежемесячно	Процессы	Соблюдать сроки услуг	Работы, выполненные в срок / Все работы × 100%	%	1С	≥95%	\N	≥95%	≥95%	90–94,9%	<90%	20	\N	\N	1
421	Ведущий инженер по метрологии	МЕТ-M3-1	ФОТ подразделения в пределах лимита	плитка	Ежемесячно	Финансы	Привязать руководителя направления к контролю ФОТ	Факт ФОТ / План ФОТ (по подразделению)	%	1С	<=100%	\N	<=100%	<100%	100–110%	>110%	30	\N	\N	2
422	Ведущий инженер по метрологии	МЕТ-M3-2	Бюджет подразделения в пределах лимита	плитка	Ежемесячно	Финансы	Привязать руководителя направления к контролю затрат	Факт затрат / План затрат (по статьям расходов подразделения)	%	1С	<=100%	\N	<=100%	<100%	100–110%	>110%	30	\N	\N	3
423	Ведущий инженер по метрологии	МЕТ-Q4-1	Доля проектов МС без отклонения >10 р.д.	плитка	Ежеквартально	Развитие	Обеспечить выполнение сроков разработки	Проекты без отклонения >10 р.д. / Все активные проекты × 100%	%	Turbo Project	≥90%	\N	≥90%	≥90%	80–89,9%	<80%	25	\N	\N	4
424	Ведущий инженер по метрологии	МЕТ-Q5	Текучесть персонала МС	плитка	Ежеквартально	Персонал	Сохранить квалифицированных поверителей	Уволенные / Среднесписочная численность × 100%	%	HR	\N	≤5%	≤20%	≤5%	5,1–7%	>7%	15	\N	\N	5
425	Инженер-метролог	МЕТ-M1	План производства в части МС	плитка	Ежемесячно	Финансы	Выполнить план по услугам поверки/ремонта	Факт выполнения плана производства в части МС / План производства в части МС × 100%	%	1С	≥100%	\N	≥100%	≥100%	95–99,9%	<95%	25	\N	\N	0
426	Инженер-метролог	МЕТ-M2	SLA по поверке / ремонту	плитка	Ежемесячно	Процессы	Соблюдать сроки услуг	Работы, выполненные в срок / Все работы × 100%	%	1С	≥95%	\N	≥95%	≥95%	90–94,9%	<90%	20	\N	\N	1
427	Инженер-метролог	МЕТ-M3-1	ФОТ подразделения в пределах лимита	плитка	Ежемесячно	Финансы	Привязать руководителя направления к контролю ФОТ	Факт ФОТ / План ФОТ (по подразделению)	%	1С	<=100%	\N	<=100%	<100%	100–110%	>110%	30	\N	\N	2
428	Инженер-метролог	МЕТ-M3-2	Бюджет подразделения в пределах лимита	плитка	Ежемесячно	Финансы	Привязать руководителя направления к контролю затрат	Факт затрат / План затрат (по статьям расходов подразделения)	%	1С	<=100%	\N	<=100%	<100%	100–110%	>110%	30	\N	\N	3
429	Инженер-метролог	МЕТ-Q4-1	Доля проектов МС без отклонения >10 р.д.	плитка	Ежеквартально	Развитие	Обеспечить выполнение сроков разработки	Проекты без отклонения >10 р.д. / Все активные проекты × 100%	%	Turbo Project	≥90%	\N	≥90%	≥90%	80–89,9%	<80%	25	\N	\N	4
430	Инженер-метролог	МЕТ-Q5	Текучесть персонала МС	плитка	Ежеквартально	Персонал	Сохранить квалифицированных поверителей	Уволенные / Среднесписочная численность × 100%	%	HR	\N	≤5%	≤20%	≤5%	5,1–7%	>7%	15	\N	\N	5
431	Инженер-диспетчер	МЕТ-M1	План производства в части МС	плитка	Ежемесячно	Финансы	Выполнить план по услугам поверки/ремонта	Факт выполнения плана производства в части МС / План производства в части МС × 100%	%	1С	≥100%	\N	≥100%	≥100%	95–99,9%	<95%	25	\N	\N	0
432	Инженер-диспетчер	МЕТ-M2	SLA по поверке / ремонту	плитка	Ежемесячно	Процессы	Соблюдать сроки услуг	Работы, выполненные в срок / Все работы × 100%	%	1С	≥95%	\N	≥95%	≥95%	90–94,9%	<90%	20	\N	\N	1
433	Инженер-диспетчер	МЕТ-M3-1	ФОТ подразделения в пределах лимита	плитка	Ежемесячно	Финансы	Привязать руководителя направления к контролю ФОТ	Факт ФОТ / План ФОТ (по подразделению)	%	1С	<=100%	\N	<=100%	<100%	100–110%	>110%	30	\N	\N	2
434	Инженер-диспетчер	МЕТ-M3-2	Бюджет подразделения в пределах лимита	плитка	Ежемесячно	Финансы	Привязать руководителя направления к контролю затрат	Факт затрат / План затрат (по статьям расходов подразделения)	%	1С	<=100%	\N	<=100%	<100%	100–110%	>110%	30	\N	\N	3
435	Инженер-диспетчер	МЕТ-Q4-1	Доля проектов МС без отклонения >10 р.д.	плитка	Ежеквартально	Развитие	Обеспечить выполнение сроков разработки	Проекты без отклонения >10 р.д. / Все активные проекты × 100%	%	Turbo Project	≥90%	\N	≥90%	≥90%	80–89,9%	<80%	25	\N	\N	4
436	Инженер-диспетчер	МЕТ-Q5	Текучесть персонала МС	плитка	Ежеквартально	Персонал	Сохранить квалифицированных поверителей	Уволенные / Среднесписочная численность × 100%	%	HR	\N	≤5%	≤20%	≤5%	5,1–7%	>7%	15	\N	\N	5
437	Ремонтный участок	МЕТ-M1	План производства в части МС	плитка	Ежемесячно	Финансы	Выполнить план по услугам поверки/ремонта	Факт выполнения плана производства в части МС / План производства в части МС × 100%	%	1С	≥100%	\N	≥100%	≥100%	95–99,9%	<95%	25	\N	\N	0
438	Ремонтный участок	МЕТ-M2	SLA по поверке / ремонту	плитка	Ежемесячно	Процессы	Соблюдать сроки услуг	Работы, выполненные в срок / Все работы × 100%	%	1С	≥95%	\N	≥95%	≥95%	90–94,9%	<90%	20	\N	\N	1
439	Ремонтный участок	МЕТ-M3-1	ФОТ подразделения в пределах лимита	плитка	Ежемесячно	Финансы	Привязать руководителя направления к контролю ФОТ	Факт ФОТ / План ФОТ (по подразделению)	%	1С	<=100%	\N	<=100%	<100%	100–110%	>110%	30	\N	\N	2
440	Ремонтный участок	МЕТ-M3-2	Бюджет подразделения в пределах лимита	плитка	Ежемесячно	Финансы	Привязать руководителя направления к контролю затрат	Факт затрат / План затрат (по статьям расходов подразделения)	%	1С	<=100%	\N	<=100%	<100%	100–110%	>110%	30	\N	\N	3
441	Ремонтный участок	МЕТ-Q4-1	Доля проектов МС без отклонения >10 р.д.	плитка	Ежеквартально	Развитие	Обеспечить выполнение сроков разработки	Проекты без отклонения >10 р.д. / Все активные проекты × 100%	%	Turbo Project	≥90%	\N	≥90%	≥90%	80–89,9%	<80%	25	\N	\N	4
442	Ремонтный участок	МЕТ-Q5	Текучесть персонала МС	плитка	Ежеквартально	Персонал	Сохранить квалифицированных поверителей	Уволенные / Среднесписочная численность × 100%	%	HR	\N	≤5%	≤20%	≤5%	5,1–7%	>7%	15	\N	\N	5
443	Бригадир участка	МЕТ-M1	План производства в части МС	плитка	Ежемесячно	Финансы	Выполнить план по услугам поверки/ремонта	Факт выполнения плана производства в части МС / План производства в части МС × 100%	%	1С	≥100%	\N	≥100%	≥100%	95–99,9%	<95%	25	\N	\N	0
444	Бригадир участка	МЕТ-M2	SLA по поверке / ремонту	плитка	Ежемесячно	Процессы	Соблюдать сроки услуг	Работы, выполненные в срок / Все работы × 100%	%	1С	≥95%	\N	≥95%	≥95%	90–94,9%	<90%	20	\N	\N	1
445	Бригадир участка	МЕТ-M3-1	ФОТ подразделения в пределах лимита	плитка	Ежемесячно	Финансы	Привязать руководителя направления к контролю ФОТ	Факт ФОТ / План ФОТ (по подразделению)	%	1С	<=100%	\N	<=100%	<100%	100–110%	>110%	30	\N	\N	2
446	Бригадир участка	МЕТ-M3-2	Бюджет подразделения в пределах лимита	плитка	Ежемесячно	Финансы	Привязать руководителя направления к контролю затрат	Факт затрат / План затрат (по статьям расходов подразделения)	%	1С	<=100%	\N	<=100%	<100%	100–110%	>110%	30	\N	\N	3
447	Бригадир участка	МЕТ-Q4-1	Доля проектов МС без отклонения >10 р.д.	плитка	Ежеквартально	Развитие	Обеспечить выполнение сроков разработки	Проекты без отклонения >10 р.д. / Все активные проекты × 100%	%	Turbo Project	≥90%	\N	≥90%	≥90%	80–89,9%	<80%	25	\N	\N	4
448	Бригадир участка	МЕТ-Q5	Текучесть персонала МС	плитка	Ежеквартально	Персонал	Сохранить квалифицированных поверителей	Уволенные / Среднесписочная численность × 100%	%	HR	\N	≤5%	≤20%	≤5%	5,1–7%	>7%	15	\N	\N	5
449	Инженер по ремонту	МЕТ-M1	План производства в части МС	плитка	Ежемесячно	Финансы	Выполнить план по услугам поверки/ремонта	Факт выполнения плана производства в части МС / План производства в части МС × 100%	%	1С	≥100%	\N	≥100%	≥100%	95–99,9%	<95%	25	\N	\N	0
450	Инженер по ремонту	МЕТ-M2	SLA по поверке / ремонту	плитка	Ежемесячно	Процессы	Соблюдать сроки услуг	Работы, выполненные в срок / Все работы × 100%	%	1С	≥95%	\N	≥95%	≥95%	90–94,9%	<90%	20	\N	\N	1
451	Инженер по ремонту	МЕТ-M3-1	ФОТ подразделения в пределах лимита	плитка	Ежемесячно	Финансы	Привязать руководителя направления к контролю ФОТ	Факт ФОТ / План ФОТ (по подразделению)	%	1С	<=100%	\N	<=100%	<100%	100–110%	>110%	30	\N	\N	2
452	Инженер по ремонту	МЕТ-M3-2	Бюджет подразделения в пределах лимита	плитка	Ежемесячно	Финансы	Привязать руководителя направления к контролю затрат	Факт затрат / План затрат (по статьям расходов подразделения)	%	1С	<=100%	\N	<=100%	<100%	100–110%	>110%	30	\N	\N	3
453	Инженер по ремонту	МЕТ-Q4-1	Доля проектов МС без отклонения >10 р.д.	плитка	Ежеквартально	Развитие	Обеспечить выполнение сроков разработки	Проекты без отклонения >10 р.д. / Все активные проекты × 100%	%	Turbo Project	≥90%	\N	≥90%	≥90%	80–89,9%	<80%	25	\N	\N	4
454	Инженер по ремонту	МЕТ-Q5	Текучесть персонала МС	плитка	Ежеквартально	Персонал	Сохранить квалифицированных поверителей	Уволенные / Среднесписочная численность × 100%	%	HR	\N	≤5%	≤20%	≤5%	5,1–7%	>7%	15	\N	\N	5
455	Диспетчер	МЕТ-M1	План производства в части МС	плитка	Ежемесячно	Финансы	Выполнить план по услугам поверки/ремонта	Факт выполнения плана производства в части МС / План производства в части МС × 100%	%	1С	≥100%	\N	≥100%	≥100%	95–99,9%	<95%	25	\N	\N	0
456	Диспетчер	МЕТ-M2	SLA по поверке / ремонту	плитка	Ежемесячно	Процессы	Соблюдать сроки услуг	Работы, выполненные в срок / Все работы × 100%	%	1С	≥95%	\N	≥95%	≥95%	90–94,9%	<90%	20	\N	\N	1
457	Диспетчер	МЕТ-M3-1	ФОТ подразделения в пределах лимита	плитка	Ежемесячно	Финансы	Привязать руководителя направления к контролю ФОТ	Факт ФОТ / План ФОТ (по подразделению)	%	1С	<=100%	\N	<=100%	<100%	100–110%	>110%	30	\N	\N	2
458	Диспетчер	МЕТ-M3-2	Бюджет подразделения в пределах лимита	плитка	Ежемесячно	Финансы	Привязать руководителя направления к контролю затрат	Факт затрат / План затрат (по статьям расходов подразделения)	%	1С	<=100%	\N	<=100%	<100%	100–110%	>110%	30	\N	\N	3
459	Диспетчер	МЕТ-Q4-1	Доля проектов МС без отклонения >10 р.д.	плитка	Ежеквартально	Развитие	Обеспечить выполнение сроков разработки	Проекты без отклонения >10 р.д. / Все активные проекты × 100%	%	Turbo Project	≥90%	\N	≥90%	≥90%	80–89,9%	<80%	25	\N	\N	4
460	Диспетчер	МЕТ-Q5	Текучесть персонала МС	плитка	Ежеквартально	Персонал	Сохранить квалифицированных поверителей	Уволенные / Среднесписочная численность × 100%	%	HR	\N	≤5%	≤20%	≤5%	5,1–7%	>7%	15	\N	\N	5
461	Отдел метрологии и сертификации	МЕТ-M1	План производства в части МС	плитка	Ежемесячно	Финансы	Выполнить план по услугам поверки/ремонта	Факт выполнения плана производства в части МС / План производства в части МС × 100%	%	1С	≥100%	\N	≥100%	≥100%	95–99,9%	<95%	25	\N	\N	0
462	Отдел метрологии и сертификации	МЕТ-M2	SLA по поверке / ремонту	плитка	Ежемесячно	Процессы	Соблюдать сроки услуг	Работы, выполненные в срок / Все работы × 100%	%	1С	≥95%	\N	≥95%	≥95%	90–94,9%	<90%	20	\N	\N	1
463	Отдел метрологии и сертификации	МЕТ-M3-1	ФОТ подразделения в пределах лимита	плитка	Ежемесячно	Финансы	Привязать руководителя направления к контролю ФОТ	Факт ФОТ / План ФОТ (по подразделению)	%	1С	<=100%	\N	<=100%	<100%	100–110%	>110%	30	\N	\N	2
464	Отдел метрологии и сертификации	МЕТ-M3-2	Бюджет подразделения в пределах лимита	плитка	Ежемесячно	Финансы	Привязать руководителя направления к контролю затрат	Факт затрат / План затрат (по статьям расходов подразделения)	%	1С	<=100%	\N	<=100%	<100%	100–110%	>110%	30	\N	\N	3
465	Отдел метрологии и сертификации	МЕТ-Q4-1	Доля проектов МС без отклонения >10 р.д.	плитка	Ежеквартально	Развитие	Обеспечить выполнение сроков разработки	Проекты без отклонения >10 р.д. / Все активные проекты × 100%	%	Turbo Project	≥90%	\N	≥90%	≥90%	80–89,9%	<80%	25	\N	\N	4
466	Отдел метрологии и сертификации	МЕТ-Q5	Текучесть персонала МС	плитка	Ежеквартально	Персонал	Сохранить квалифицированных поверителей	Уволенные / Среднесписочная численность × 100%	%	HR	\N	≤5%	≤20%	≤5%	5,1–7%	>7%	15	\N	\N	5
467	Начальник ОМиС	МЕТ-M1	План производства в части МС	плитка	Ежемесячно	Финансы	Выполнить план по услугам поверки/ремонта	Факт выполнения плана производства в части МС / План производства в части МС × 100%	%	1С	≥100%	\N	≥100%	≥100%	95–99,9%	<95%	25	\N	\N	0
468	Начальник ОМиС	МЕТ-M2	SLA по поверке / ремонту	плитка	Ежемесячно	Процессы	Соблюдать сроки услуг	Работы, выполненные в срок / Все работы × 100%	%	1С	≥95%	\N	≥95%	≥95%	90–94,9%	<90%	20	\N	\N	1
469	Начальник ОМиС	МЕТ-M3-1	ФОТ подразделения в пределах лимита	плитка	Ежемесячно	Финансы	Привязать руководителя направления к контролю ФОТ	Факт ФОТ / План ФОТ (по подразделению)	%	1С	<=100%	\N	<=100%	<100%	100–110%	>110%	30	\N	\N	2
470	Начальник ОМиС	МЕТ-M3-2	Бюджет подразделения в пределах лимита	плитка	Ежемесячно	Финансы	Привязать руководителя направления к контролю затрат	Факт затрат / План затрат (по статьям расходов подразделения)	%	1С	<=100%	\N	<=100%	<100%	100–110%	>110%	30	\N	\N	3
471	Начальник ОМиС	МЕТ-Q4-1	Доля проектов МС без отклонения >10 р.д.	плитка	Ежеквартально	Развитие	Обеспечить выполнение сроков разработки	Проекты без отклонения >10 р.д. / Все активные проекты × 100%	%	Turbo Project	≥90%	\N	≥90%	≥90%	80–89,9%	<80%	25	\N	\N	4
472	Начальник ОМиС	МЕТ-Q5	Текучесть персонала МС	плитка	Ежеквартально	Персонал	Сохранить квалифицированных поверителей	Уволенные / Среднесписочная численность × 100%	%	HR	\N	≤5%	≤20%	≤5%	5,1–7%	>7%	15	\N	\N	5
473	Руководитель проектов по сертификации	МЕТ-M1	План производства в части МС	плитка	Ежемесячно	Финансы	Выполнить план по услугам поверки/ремонта	Факт выполнения плана производства в части МС / План производства в части МС × 100%	%	1С	≥100%	\N	≥100%	≥100%	95–99,9%	<95%	25	\N	\N	0
474	Руководитель проектов по сертификации	МЕТ-M2	SLA по поверке / ремонту	плитка	Ежемесячно	Процессы	Соблюдать сроки услуг	Работы, выполненные в срок / Все работы × 100%	%	1С	≥95%	\N	≥95%	≥95%	90–94,9%	<90%	20	\N	\N	1
475	Руководитель проектов по сертификации	МЕТ-M3-1	ФОТ подразделения в пределах лимита	плитка	Ежемесячно	Финансы	Привязать руководителя направления к контролю ФОТ	Факт ФОТ / План ФОТ (по подразделению)	%	1С	<=100%	\N	<=100%	<100%	100–110%	>110%	30	\N	\N	2
476	Руководитель проектов по сертификации	МЕТ-M3-2	Бюджет подразделения в пределах лимита	плитка	Ежемесячно	Финансы	Привязать руководителя направления к контролю затрат	Факт затрат / План затрат (по статьям расходов подразделения)	%	1С	<=100%	\N	<=100%	<100%	100–110%	>110%	30	\N	\N	3
477	Руководитель проектов по сертификации	МЕТ-Q4-1	Доля проектов МС без отклонения >10 р.д.	плитка	Ежеквартально	Развитие	Обеспечить выполнение сроков разработки	Проекты без отклонения >10 р.д. / Все активные проекты × 100%	%	Turbo Project	≥90%	\N	≥90%	≥90%	80–89,9%	<80%	25	\N	\N	4
478	Руководитель проектов по сертификации	МЕТ-Q5	Текучесть персонала МС	плитка	Ежеквартально	Персонал	Сохранить квалифицированных поверителей	Уволенные / Среднесписочная численность × 100%	%	HR	\N	≤5%	≤20%	≤5%	5,1–7%	>7%	15	\N	\N	5
479	Инженер по метрологии	МЕТ-M1	План производства в части МС	плитка	Ежемесячно	Финансы	Выполнить план по услугам поверки/ремонта	Факт выполнения плана производства в части МС / План производства в части МС × 100%	%	1С	≥100%	\N	≥100%	≥100%	95–99,9%	<95%	25	\N	\N	0
480	Инженер по метрологии	МЕТ-M2	SLA по поверке / ремонту	плитка	Ежемесячно	Процессы	Соблюдать сроки услуг	Работы, выполненные в срок / Все работы × 100%	%	1С	≥95%	\N	≥95%	≥95%	90–94,9%	<90%	20	\N	\N	1
481	Инженер по метрологии	МЕТ-M3-1	ФОТ подразделения в пределах лимита	плитка	Ежемесячно	Финансы	Привязать руководителя направления к контролю ФОТ	Факт ФОТ / План ФОТ (по подразделению)	%	1С	<=100%	\N	<=100%	<100%	100–110%	>110%	30	\N	\N	2
482	Инженер по метрологии	МЕТ-M3-2	Бюджет подразделения в пределах лимита	плитка	Ежемесячно	Финансы	Привязать руководителя направления к контролю затрат	Факт затрат / План затрат (по статьям расходов подразделения)	%	1С	<=100%	\N	<=100%	<100%	100–110%	>110%	30	\N	\N	3
483	Инженер по метрологии	МЕТ-Q4-1	Доля проектов МС без отклонения >10 р.д.	плитка	Ежеквартально	Развитие	Обеспечить выполнение сроков разработки	Проекты без отклонения >10 р.д. / Все активные проекты × 100%	%	Turbo Project	≥90%	\N	≥90%	≥90%	80–89,9%	<80%	25	\N	\N	4
484	Инженер по метрологии	МЕТ-Q5	Текучесть персонала МС	плитка	Ежеквартально	Персонал	Сохранить квалифицированных поверителей	Уволенные / Среднесписочная численность × 100%	%	HR	\N	≤5%	≤20%	≤5%	5,1–7%	>7%	15	\N	\N	5
485	Председатель совета директоров	FND-T1	Выручка (без НДС) — план/факт	плитка	Ежемесячно	Финансы	Видеть исполнение финансового плана верхнего уровня	Фактическая выручка без НДС / План выручки периода × 100%	%	БДР / управленческая отчётность / 1С	≥100%	\N	≥100%	≥100%	95–99,9%	<95%	15	\N	\N	0
486	Председатель совета директоров	FND-T2	EBITDA — план/факт	плитка	Ежемесячно	Финансы	Видеть качество заработка, а не только объём выручки	Фактическая EBITDA / План EBITDA периода × 100%	%	БДР / управленческая отчётность	≥100%	\N	≥100%	≥100%	90–99,9%	<90%	15	\N	\N	1
499	Председатель совета директоров	FND-B2	ТОП-10 решений / эскалаций	таблица	Ежемесячно	Управление	Показать, что именно нужно утвердить или эскалировать учредителю	Вопрос, требуемое решение, рекомендуемый вариант, эффект / риск, владелец, срок, статус	—	CEO Pack / PMO / владельцы контуров	\N	\N	\N	\N	\N	\N	0	\N	\N	14
487	Председатель совета директоров	FND-T3	ДДС 8 недель / отсутствие кассового разрыва	плитка	Ежемесячно	Финансы	Раннее выявление угрозы ликвидности на горизонте 1–2 месяцев	Минимальный прогнозный остаток ДС на горизонте 8 недель / Минимально допустимый остаток ДС × 100%	%	Казначейство / платёжный календарь / БДДС	≥100%	\N	≥100%	≥100% и нет отрицательных недель	90–99,9%	<90% или есть отрицательная неделя	10	\N	\N	2
488	Председатель совета директоров	FND-T4	OTIF отгрузки	плитка	Ежемесячно	Процессы	Понимать, насколько компания исполняет обещания клиентам по сроку и комплектности	Количество отгрузок, выполненных в срок и в полном объёме / Общее количество отгрузок периода × 100%	%	1С ERP / логистика / склад / коммерция	≥95%	\N	≥95%	≥95%	90–94,9%	<90%	10	\N	\N	3
489	Председатель совета директоров	FND-T5	Качество: К1–К2 рекламации и просроченные CAPA	плитка	Ежемесячно	Процессы	Раннее выявление риска потери клиента и системных проблем качества	0,5 × KPI(К1–К2 рекламации в лимите) + 0,5 × KPI(Просроченные CAPA в лимите)	%	QMS / журнал рекламаций / CAPA / ОТК	≥95%	\N	≥95%	≥95%	85–94,9%	<85%	10	\N	\N	4
490	Председатель совета директоров	FND-T6	Портфель проектов RAG	плитка	Ежемесячно	Развитие	Видеть состояние стратегических и обязательных проектов без погружения в детали	Главный статус = худший статус среди ключевых проектов; количество Green / Yellow / Red и stage-gates overdue	шт. / статус	PMO / MS Project / реестр КПД	0 red-проектов	\N	0 red-проектов	0 red-проектов и stage-gates overdue = 0	1–2 red-проекта или stage-gates overdue ≤2	>2 red-проектов или stage-gates overdue >2	10	\N	\N	5
491	Председатель совета директоров	FND-T7	Дебиторская задолженность 60+	плитка	Ежемесячно	Финансы	Видеть риск невозврата денег и концентрацию проблемного портфеля	Сумма ДЗ старше 60 дней / Утверждённый лимит ДЗ 60+ × 100%	% к лимиту	1С / реестр ДЗ / финансовая отчётность	≤100%	\N	≤100%	≤100% лимита	100,1–120% лимита	>120% лимита	10	\N	\N	6
492	Председатель совета директоров	FND-T8	Критичные дефициты	плитка	Ежемесячно	Процессы	Показать, есть ли риск срыва выпуска и отгрузки из-за нехватки ТМЦ / комплектующих	Количество дефицитов, влияющих на выпуск или отгрузку в горизонте 30 календарных дней	шт.	1С ERP / MRP / ОМТО / производство	0–1	\N	0–1	0–1	2–3	>3	5	\N	\N	7
493	Председатель совета директоров	FND-T9	Выпуск — план/факт	плитка	Ежемесячно	Процессы	Контролировать исполнение производственного плана как основу выручки и маржи	Фактический выпуск / План выпуска периода × 100%	%	1С ERP / производственная отчётность	≥100%	\N	≥100%	≥100%	95–99,9%	<95%	10	\N	\N	8
494	Председатель совета директоров	FND-T10	Красные поручения CEO / ОКМ	плитка	Ежемесячно	Управление	Видеть дисциплину исполнения управленческих решений	Количество просроченных поручений со статусом «красный» на дату выпуска пакета	шт.	Реестр поручений / PMO / секретариат	0	\N	0	0	1–2	>2	5	\N	\N	9
495	Председатель совета директоров	FND-C1	Тренд 12 месяцев: выручка / EBITDA / валовая маржа	график	Ежемесячно	Финансы	За 30 секунд показать динамику бизнеса и качество заработка	12 последних месяцев: выручка (столбцы), EBITDA и валовая маржа (линии)	руб. / %	БДР / управленческая отчётность	\N	\N	\N	\N	\N	\N	0	combo_bar_line_monthly	Тренд 12 месяцев	10
496	Председатель совета директоров	FND-C2	Waterfall EBITDA: план → факт	график	Ежемесячно	Финансы	Показать факторы отклонения EBITDA, а не только итог	Разложение отклонения EBITDA на 4–6 драйверов: выручка, маржа, скидки, постоянные расходы, разовые эффекты	руб.	БДР / управленческий анализ	\N	\N	\N	\N	\N	\N	0	waterfall	Waterfall EBITDA	11
497	Председатель совета директоров	FND-C3	Heatmap по директорам / контурам	график	Ежемесячно	Управление	Сразу показать, где у руководителей красная и жёлтая зона	Итоговый статус роли = худший статус из ключевых KPI роли; по строкам роли, по столбцам ключевые KPI	RAG	Дашборды директоров / KPI Pack / CEO Pack	\N	\N	\N	\N	\N	\N	0	heatmap_rag	Heatmap RAG	12
498	Председатель совета директоров	FND-B1	ТОП-10 отклонений	таблица	Ежемесячно	Управление	Перевести сигналы дашборда в список управленческих проблем	Сортировка по совокупному влиянию: показатель, план, факт, отклонение, причина, действие, владелец, срок, статус	—	CEO Pack / данные всех контуров	\N	\N	\N	\N	\N	\N	0	\N	\N	13
970	коммерческий директор	KD-M1	Деньги	плитка	Ежемесячно	Финансы	Контроль денежных поступлений	\\mathrm{KPI} = \\dfrac{\\text{Факт}}{\\text{План}} \\times 100\\%	руб.	1С / БДР	\N	\N	\N	≥100%	90–99,9%	<90%	15	\N	\N	0
971	коммерческий директор	KD-M2	Отгрузки	плитка	Ежемесячно	Финансы	Контроль объёмов отгрузки	\\mathrm{KPI} = \\dfrac{\\text{Факт}}{\\text{План}} \\times 100\\%	руб.	1С / БДР	\N	\N	\N	≥100%	90–99,9%	<90%	15	\N	\N	1
972	коммерческий директор	KD-M3	Договоры	плитка	Ежемесячно	Финансы	Контроль заключённых договоров	\\mathrm{KPI} = \\dfrac{\\text{Факт}}{\\text{План}} \\times 100\\%	руб.	1С / CRM	\N	\N	\N	≥100%	90–99,9%	<90%	10	\N	\N	2
973	коммерческий директор	KD-M4	Дебиторская задолженность	плитка	Ежемесячно	Финансы	Контроль дебиторской задолженности	\\text{Факт на дату}	руб.	1С / Реестр ДЗ	\N	\N	\N	<100%	100–110%	>110%	10	\N	\N	3
974	коммерческий директор	KD-M5	Просроченная Дебиторская Задолженность	плитка	Ежемесячно	Финансы	Снижение просроченной дебиторской задолженности	\\mathrm{KPI} = \\dfrac{\\text{Факт}}{\\text{Лимит}} \\times 100\\%	руб.	1С / Реестр ДЗ	\N	\N	\N	<100%	100–110%	>110%	10	\N	\N	4
975	коммерческий директор	KD-M6	Валовая прибыль	плитка	Ежемесячно	Финансы	Обеспечение плановой валовой прибыли	\\mathrm{KPI} = \\dfrac{\\text{Факт}}{\\text{План}} \\times 100\\%	руб.	1С / БДР / Управленческая отчётность	\N	\N	\N	≥100%	90–99,9%	<90%	10	\N	\N	5
976	коммерческий директор	KD-M7	Расходы	плитка	Ежемесячно	Финансы	Контроль расходов в пределах лимита	\\mathrm{KPI} = \\dfrac{\\text{Факт}}{\\text{Лимит}} \\times 100\\%	руб.	1С / БДР	\N	\N	\N	≤100%	100,1–110%	>110%	10	\N	\N	6
977	коммерческий директор	KD-M8	ФОТ	плитка	Ежемесячно	Персонал	Контроль фонда оплаты труда	\\mathrm{KPI} = \\dfrac{\\text{Факт}}{\\text{Лимит}} \\times 100\\%	руб.	1С ЗУП / HRIS	\N	\N	\N	≤100%	100,1–110%	>110%	5	\N	\N	7
978	коммерческий директор	KD-M9	Цена фактическая/цена расчетная	плитка	Ежемесячно	Финансы	Контроль уровня предоставляемых скидок	\\mathrm{KPI} = \\dfrac{\\text{Факт}}{\\text{Норма}} \\times 100\\%	%	1С / CRM	\N	\N	\N	≤100%	100,1–110%	>110%	10	\N	\N	8
979	коммерческий директор	KD-M10	ТКП в SLA	плитка	Ежемесячно	Процессы	Соблюдение SLA по технико-коммерческим предложениям	\\mathrm{KPI} = \\dfrac{\\text{Факт}}{\\text{Норма}} \\times 100\\%	%	CRM / тендерный отдел	\N	\N	\N	≥100%	90–99,9%	<90%	5	\N	\N	9
980	коммерческий директор	KD-M11	Текучесть персонала	плитка	Ежемесячно	Персонал	Контроль текучести персонала коммерческой службы	\\mathrm{KPI} = \\dfrac{\\text{Факт}}{\\text{Норма}} \\times 100\\%	%	1С ЗУП / HR	\N	\N	\N	≤100%	100,1–110%	>110%	5	\N	\N	10
981	коммерческий директор	KD-C1	Динамика: Деньги, Отгрузки, Договоры	график	Ежемесячно	Финансы					\N	\N	\N	\N	\N	\N	\N	multi_line_plan_fact_monthly	Линейный тренд по месяцам (факт)	11
982	коммерческий директор	KD-C2	Круговые диаграммы	график	Ежемесячно	Развитие					\N	\N	\N	\N	\N	\N	\N	donut_multiple	Круговые диаграммы по направлениям	12
983	коммерческий директор	KD-C3	KPI за месяц: Деньги, Отгрузки, Договоры, Валовая прибыль	график	Ежемесячно	Финансы					\N	\N	\N	\N	\N	\N	\N	column_plan_fact_monthly	Столбцы KPI за месяц	13
984	ОВЭД	KD-M1	Деньги	плитка	Ежемесячно	Финансы	Контроль денежных поступлений	\\mathrm{KPI} = \\dfrac{\\text{Факт}}{\\text{План}} \\times 100\\%	руб.	1С / БДР	\N	\N	\N	≥100%	90–99,9%	<90%	15	\N	\N	0
985	ОВЭД	KD-M2	Отгрузки	плитка	Ежемесячно	Финансы	Контроль объёмов отгрузки	\\mathrm{KPI} = \\dfrac{\\text{Факт}}{\\text{План}} \\times 100\\%	руб.	1С / БДР	\N	\N	\N	≥100%	90–99,9%	<90%	15	\N	\N	1
986	ОВЭД	KD-M3	Договоры	плитка	Ежемесячно	Финансы	Контроль заключённых договоров	\\mathrm{KPI} = \\dfrac{\\text{Факт}}{\\text{План}} \\times 100\\%	руб.	1С / CRM	\N	\N	\N	≥100%	90–99,9%	<90%	10	\N	\N	2
987	ОВЭД	KD-M4	Дебиторская задолженность	плитка	Ежемесячно	Финансы	Контроль дебиторской задолженности	\\text{Факт на дату}	руб.	1С / Реестр ДЗ	\N	\N	\N	<100%	100–110%	>110%	10	\N	\N	3
988	ОВЭД	KD-M5	Просроченная Дебиторская Задолженность	плитка	Ежемесячно	Финансы	Снижение просроченной дебиторской задолженности	\\mathrm{KPI} = \\dfrac{\\text{Факт}}{\\text{Лимит}} \\times 100\\%	руб.	1С / Реестр ДЗ	\N	\N	\N	<100%	100–110%	>110%	10	\N	\N	4
989	ОВЭД	KD-M6	Валовая прибыль	плитка	Ежемесячно	Финансы	Обеспечение плановой валовой прибыли	\\mathrm{KPI} = \\dfrac{\\text{Факт}}{\\text{План}} \\times 100\\%	руб.	1С / БДР / Управленческая отчётность	\N	\N	\N	≥100%	90–99,9%	<90%	10	\N	\N	5
990	ОВЭД	KD-M7	Расходы	плитка	Ежемесячно	Финансы	Контроль расходов в пределах лимита	\\mathrm{KPI} = \\dfrac{\\text{Факт}}{\\text{Лимит}} \\times 100\\%	руб.	1С / БДР	\N	\N	\N	≤100%	100,1–110%	>110%	10	\N	\N	6
991	ОВЭД	KD-M8	ФОТ	плитка	Ежемесячно	Персонал	Контроль фонда оплаты труда	\\mathrm{KPI} = \\dfrac{\\text{Факт}}{\\text{Лимит}} \\times 100\\%	руб.	1С ЗУП / HRIS	\N	\N	\N	≤100%	100,1–110%	>110%	5	\N	\N	7
992	ОВЭД	KD-M9	Цена фактическая/цена расчетная	плитка	Ежемесячно	Финансы	Контроль уровня предоставляемых скидок	\\mathrm{KPI} = \\dfrac{\\text{Факт}}{\\text{Норма}} \\times 100\\%	%	1С / CRM	\N	\N	\N	≤100%	100,1–110%	>110%	10	\N	\N	8
993	ОВЭД	KD-M10	ТКП в SLA	плитка	Ежемесячно	Процессы	Соблюдение SLA по технико-коммерческим предложениям	\\mathrm{KPI} = \\dfrac{\\text{Факт}}{\\text{Норма}} \\times 100\\%	%	CRM / тендерный отдел	\N	\N	\N	≥100%	90–99,9%	<90%	5	\N	\N	9
994	ОВЭД	KD-M11	Текучесть персонала	плитка	Ежемесячно	Персонал	Контроль текучести персонала коммерческой службы	\\mathrm{KPI} = \\dfrac{\\text{Факт}}{\\text{Норма}} \\times 100\\%	%	1С ЗУП / HR	\N	\N	\N	≤100%	100,1–110%	>110%	5	\N	\N	10
995	ОВЭД	KD-C1	Динамика: Деньги, Отгрузки, Договоры	график	Ежемесячно	Финансы					\N	\N	\N	\N	\N	\N	\N	multi_line_plan_fact_monthly	Линейный тренд по месяцам (факт)	11
996	ОВЭД	KD-C2	Круговые диаграммы	график	Ежемесячно	Развитие					\N	\N	\N	\N	\N	\N	\N	donut_multiple	Круговые диаграммы по направлениям	12
997	ОВЭД	KD-C3	KPI за месяц: Деньги, Отгрузки, Договоры, Валовая прибыль	график	Ежемесячно	Финансы					\N	\N	\N	\N	\N	\N	\N	column_plan_fact_monthly	Столбцы KPI за месяц	13
998	ОПЭОиУ	KD-M1	Деньги	плитка	Ежемесячно	Финансы	Контроль денежных поступлений	\\mathrm{KPI} = \\dfrac{\\text{Факт}}{\\text{План}} \\times 100\\%	руб.	1С / БДР	\N	\N	\N	≥100%	90–99,9%	<90%	15	\N	\N	0
999	ОПЭОиУ	KD-M2	Отгрузки	плитка	Ежемесячно	Финансы	Контроль объёмов отгрузки	\\mathrm{KPI} = \\dfrac{\\text{Факт}}{\\text{План}} \\times 100\\%	руб.	1С / БДР	\N	\N	\N	≥100%	90–99,9%	<90%	15	\N	\N	1
1000	ОПЭОиУ	KD-M3	Договоры	плитка	Ежемесячно	Финансы	Контроль заключённых договоров	\\mathrm{KPI} = \\dfrac{\\text{Факт}}{\\text{План}} \\times 100\\%	руб.	1С / CRM	\N	\N	\N	≥100%	90–99,9%	<90%	10	\N	\N	2
1001	ОПЭОиУ	KD-M4	Дебиторская задолженность	плитка	Ежемесячно	Финансы	Контроль дебиторской задолженности	\\text{Факт на дату}	руб.	1С / Реестр ДЗ	\N	\N	\N	<100%	100–110%	>110%	10	\N	\N	3
1002	ОПЭОиУ	KD-M5	Просроченная Дебиторская Задолженность	плитка	Ежемесячно	Финансы	Снижение просроченной дебиторской задолженности	\\mathrm{KPI} = \\dfrac{\\text{Факт}}{\\text{Лимит}} \\times 100\\%	руб.	1С / Реестр ДЗ	\N	\N	\N	<100%	100–110%	>110%	10	\N	\N	4
1003	ОПЭОиУ	KD-M6	Валовая прибыль	плитка	Ежемесячно	Финансы	Обеспечение плановой валовой прибыли	\\mathrm{KPI} = \\dfrac{\\text{Факт}}{\\text{План}} \\times 100\\%	руб.	1С / БДР / Управленческая отчётность	\N	\N	\N	≥100%	90–99,9%	<90%	10	\N	\N	5
1004	ОПЭОиУ	KD-M7	Расходы	плитка	Ежемесячно	Финансы	Контроль расходов в пределах лимита	\\mathrm{KPI} = \\dfrac{\\text{Факт}}{\\text{Лимит}} \\times 100\\%	руб.	1С / БДР	\N	\N	\N	≤100%	100,1–110%	>110%	10	\N	\N	6
1005	ОПЭОиУ	KD-M8	ФОТ	плитка	Ежемесячно	Персонал	Контроль фонда оплаты труда	\\mathrm{KPI} = \\dfrac{\\text{Факт}}{\\text{Лимит}} \\times 100\\%	руб.	1С ЗУП / HRIS	\N	\N	\N	≤100%	100,1–110%	>110%	5	\N	\N	7
1006	ОПЭОиУ	KD-M9	Цена фактическая/цена расчетная	плитка	Ежемесячно	Финансы	Контроль уровня предоставляемых скидок	\\mathrm{KPI} = \\dfrac{\\text{Факт}}{\\text{Норма}} \\times 100\\%	%	1С / CRM	\N	\N	\N	≤100%	100,1–110%	>110%	10	\N	\N	8
1007	ОПЭОиУ	KD-M10	ТКП в SLA	плитка	Ежемесячно	Процессы	Соблюдение SLA по технико-коммерческим предложениям	\\mathrm{KPI} = \\dfrac{\\text{Факт}}{\\text{Норма}} \\times 100\\%	%	CRM / тендерный отдел	\N	\N	\N	≥100%	90–99,9%	<90%	5	\N	\N	9
1008	ОПЭОиУ	KD-M11	Текучесть персонала	плитка	Ежемесячно	Персонал	Контроль текучести персонала коммерческой службы	\\mathrm{KPI} = \\dfrac{\\text{Факт}}{\\text{Норма}} \\times 100\\%	%	1С ЗУП / HR	\N	\N	\N	≤100%	100,1–110%	>110%	5	\N	\N	10
1009	ОПЭОиУ	KD-C1	Динамика: Деньги, Отгрузки, Договоры	график	Ежемесячно	Финансы					\N	\N	\N	\N	\N	\N	\N	multi_line_plan_fact_monthly	Линейный тренд по месяцам (факт)	11
1010	ОПЭОиУ	KD-C2	Круговые диаграммы	график	Ежемесячно	Развитие					\N	\N	\N	\N	\N	\N	\N	donut_multiple	Круговые диаграммы по направлениям	12
1011	ОПЭОиУ	KD-C3	KPI за месяц: Деньги, Отгрузки, Договоры, Валовая прибыль	график	Ежемесячно	Финансы					\N	\N	\N	\N	\N	\N	\N	column_plan_fact_monthly	Столбцы KPI за месяц	13
1012	Отдел продаж БМИ	KD-M1	Деньги	плитка	Ежемесячно	Финансы	Контроль денежных поступлений	\\mathrm{KPI} = \\dfrac{\\text{Факт}}{\\text{План}} \\times 100\\%	руб.	1С / БДР	\N	\N	\N	≥100%	90–99,9%	<90%	15	\N	\N	0
1013	Отдел продаж БМИ	KD-M2	Отгрузки	плитка	Ежемесячно	Финансы	Контроль объёмов отгрузки	\\mathrm{KPI} = \\dfrac{\\text{Факт}}{\\text{План}} \\times 100\\%	руб.	1С / БДР	\N	\N	\N	≥100%	90–99,9%	<90%	15	\N	\N	1
1014	Отдел продаж БМИ	KD-M3	Договоры	плитка	Ежемесячно	Финансы	Контроль заключённых договоров	\\mathrm{KPI} = \\dfrac{\\text{Факт}}{\\text{План}} \\times 100\\%	руб.	1С / CRM	\N	\N	\N	≥100%	90–99,9%	<90%	10	\N	\N	2
1015	Отдел продаж БМИ	KD-M4	Дебиторская задолженность	плитка	Ежемесячно	Финансы	Контроль дебиторской задолженности	\\text{Факт на дату}	руб.	1С / Реестр ДЗ	\N	\N	\N	<100%	100–110%	>110%	10	\N	\N	3
1016	Отдел продаж БМИ	KD-M5	Просроченная Дебиторская Задолженность	плитка	Ежемесячно	Финансы	Снижение просроченной дебиторской задолженности	\\mathrm{KPI} = \\dfrac{\\text{Факт}}{\\text{Лимит}} \\times 100\\%	руб.	1С / Реестр ДЗ	\N	\N	\N	<100%	100–110%	>110%	10	\N	\N	4
1017	Отдел продаж БМИ	KD-M6	Валовая прибыль	плитка	Ежемесячно	Финансы	Обеспечение плановой валовой прибыли	\\mathrm{KPI} = \\dfrac{\\text{Факт}}{\\text{План}} \\times 100\\%	руб.	1С / БДР / Управленческая отчётность	\N	\N	\N	≥100%	90–99,9%	<90%	10	\N	\N	5
1018	Отдел продаж БМИ	KD-M7	Расходы	плитка	Ежемесячно	Финансы	Контроль расходов в пределах лимита	\\mathrm{KPI} = \\dfrac{\\text{Факт}}{\\text{Лимит}} \\times 100\\%	руб.	1С / БДР	\N	\N	\N	≤100%	100,1–110%	>110%	10	\N	\N	6
1019	Отдел продаж БМИ	KD-M8	ФОТ	плитка	Ежемесячно	Персонал	Контроль фонда оплаты труда	\\mathrm{KPI} = \\dfrac{\\text{Факт}}{\\text{Лимит}} \\times 100\\%	руб.	1С ЗУП / HRIS	\N	\N	\N	≤100%	100,1–110%	>110%	5	\N	\N	7
1020	Отдел продаж БМИ	KD-M9	Цена фактическая/цена расчетная	плитка	Ежемесячно	Финансы	Контроль уровня предоставляемых скидок	\\mathrm{KPI} = \\dfrac{\\text{Факт}}{\\text{Норма}} \\times 100\\%	%	1С / CRM	\N	\N	\N	≤100%	100,1–110%	>110%	10	\N	\N	8
1021	Отдел продаж БМИ	KD-M10	ТКП в SLA	плитка	Ежемесячно	Процессы	Соблюдение SLA по технико-коммерческим предложениям	\\mathrm{KPI} = \\dfrac{\\text{Факт}}{\\text{Норма}} \\times 100\\%	%	CRM / тендерный отдел	\N	\N	\N	≥100%	90–99,9%	<90%	5	\N	\N	9
1022	Отдел продаж БМИ	KD-M11	Текучесть персонала	плитка	Ежемесячно	Персонал	Контроль текучести персонала коммерческой службы	\\mathrm{KPI} = \\dfrac{\\text{Факт}}{\\text{Норма}} \\times 100\\%	%	1С ЗУП / HR	\N	\N	\N	≤100%	100,1–110%	>110%	5	\N	\N	10
1023	Отдел продаж БМИ	KD-C1	Динамика: Деньги, Отгрузки, Договоры	график	Ежемесячно	Финансы					\N	\N	\N	\N	\N	\N	\N	multi_line_plan_fact_monthly	Линейный тренд по месяцам (факт)	11
1024	Отдел продаж БМИ	KD-C2	Круговые диаграммы	график	Ежемесячно	Развитие					\N	\N	\N	\N	\N	\N	\N	donut_multiple	Круговые диаграммы по направлениям	12
1025	Отдел продаж БМИ	KD-C3	KPI за месяц: Деньги, Отгрузки, Договоры, Валовая прибыль	график	Ежемесячно	Финансы					\N	\N	\N	\N	\N	\N	\N	column_plan_fact_monthly	Столбцы KPI за месяц	13
1026	Отдел по работе с ключевыми клиентами	KD-M1	Деньги	плитка	Ежемесячно	Финансы	Контроль денежных поступлений	\\mathrm{KPI} = \\dfrac{\\text{Факт}}{\\text{План}} \\times 100\\%	руб.	1С / БДР	\N	\N	\N	≥100%	90–99,9%	<90%	15	\N	\N	0
1027	Отдел по работе с ключевыми клиентами	KD-M2	Отгрузки	плитка	Ежемесячно	Финансы	Контроль объёмов отгрузки	\\mathrm{KPI} = \\dfrac{\\text{Факт}}{\\text{План}} \\times 100\\%	руб.	1С / БДР	\N	\N	\N	≥100%	90–99,9%	<90%	15	\N	\N	1
1028	Отдел по работе с ключевыми клиентами	KD-M3	Договоры	плитка	Ежемесячно	Финансы	Контроль заключённых договоров	\\mathrm{KPI} = \\dfrac{\\text{Факт}}{\\text{План}} \\times 100\\%	руб.	1С / CRM	\N	\N	\N	≥100%	90–99,9%	<90%	10	\N	\N	2
1029	Отдел по работе с ключевыми клиентами	KD-M4	Дебиторская задолженность	плитка	Ежемесячно	Финансы	Контроль дебиторской задолженности	\\text{Факт на дату}	руб.	1С / Реестр ДЗ	\N	\N	\N	<100%	100–110%	>110%	10	\N	\N	3
1030	Отдел по работе с ключевыми клиентами	KD-M5	Просроченная Дебиторская Задолженность	плитка	Ежемесячно	Финансы	Снижение просроченной дебиторской задолженности	\\mathrm{KPI} = \\dfrac{\\text{Факт}}{\\text{Лимит}} \\times 100\\%	руб.	1С / Реестр ДЗ	\N	\N	\N	<100%	100–110%	>110%	10	\N	\N	4
1031	Отдел по работе с ключевыми клиентами	KD-M6	Валовая прибыль	плитка	Ежемесячно	Финансы	Обеспечение плановой валовой прибыли	\\mathrm{KPI} = \\dfrac{\\text{Факт}}{\\text{План}} \\times 100\\%	руб.	1С / БДР / Управленческая отчётность	\N	\N	\N	≥100%	90–99,9%	<90%	10	\N	\N	5
1032	Отдел по работе с ключевыми клиентами	KD-M7	Расходы	плитка	Ежемесячно	Финансы	Контроль расходов в пределах лимита	\\mathrm{KPI} = \\dfrac{\\text{Факт}}{\\text{Лимит}} \\times 100\\%	руб.	1С / БДР	\N	\N	\N	≤100%	100,1–110%	>110%	10	\N	\N	6
1033	Отдел по работе с ключевыми клиентами	KD-M8	ФОТ	плитка	Ежемесячно	Персонал	Контроль фонда оплаты труда	\\mathrm{KPI} = \\dfrac{\\text{Факт}}{\\text{Лимит}} \\times 100\\%	руб.	1С ЗУП / HRIS	\N	\N	\N	≤100%	100,1–110%	>110%	5	\N	\N	7
1034	Отдел по работе с ключевыми клиентами	KD-M9	Цена фактическая/цена расчетная	плитка	Ежемесячно	Финансы	Контроль уровня предоставляемых скидок	\\mathrm{KPI} = \\dfrac{\\text{Факт}}{\\text{Норма}} \\times 100\\%	%	1С / CRM	\N	\N	\N	≤100%	100,1–110%	>110%	10	\N	\N	8
1035	Отдел по работе с ключевыми клиентами	KD-M10	ТКП в SLA	плитка	Ежемесячно	Процессы	Соблюдение SLA по технико-коммерческим предложениям	\\mathrm{KPI} = \\dfrac{\\text{Факт}}{\\text{Норма}} \\times 100\\%	%	CRM / тендерный отдел	\N	\N	\N	≥100%	90–99,9%	<90%	5	\N	\N	9
1036	Отдел по работе с ключевыми клиентами	KD-M11	Текучесть персонала	плитка	Ежемесячно	Персонал	Контроль текучести персонала коммерческой службы	\\mathrm{KPI} = \\dfrac{\\text{Факт}}{\\text{Норма}} \\times 100\\%	%	1С ЗУП / HR	\N	\N	\N	≤100%	100,1–110%	>110%	5	\N	\N	10
1037	Отдел по работе с ключевыми клиентами	KD-C1	Динамика: Деньги, Отгрузки, Договоры	график	Ежемесячно	Финансы					\N	\N	\N	\N	\N	\N	\N	multi_line_plan_fact_monthly	Линейный тренд по месяцам (факт)	11
1038	Отдел по работе с ключевыми клиентами	KD-C2	Круговые диаграммы	график	Ежемесячно	Развитие					\N	\N	\N	\N	\N	\N	\N	donut_multiple	Круговые диаграммы по направлениям	12
1039	Отдел по работе с ключевыми клиентами	KD-C3	KPI за месяц: Деньги, Отгрузки, Договоры, Валовая прибыль	график	Ежемесячно	Финансы					\N	\N	\N	\N	\N	\N	\N	column_plan_fact_monthly	Столбцы KPI за месяц	13
1040	Отдел по работе с ПАО «Газпром»	KD-M1	Деньги	плитка	Ежемесячно	Финансы	Контроль денежных поступлений	\\mathrm{KPI} = \\dfrac{\\text{Факт}}{\\text{План}} \\times 100\\%	руб.	1С / БДР	\N	\N	\N	≥100%	90–99,9%	<90%	15	\N	\N	0
1041	Отдел по работе с ПАО «Газпром»	KD-M2	Отгрузки	плитка	Ежемесячно	Финансы	Контроль объёмов отгрузки	\\mathrm{KPI} = \\dfrac{\\text{Факт}}{\\text{План}} \\times 100\\%	руб.	1С / БДР	\N	\N	\N	≥100%	90–99,9%	<90%	15	\N	\N	1
1042	Отдел по работе с ПАО «Газпром»	KD-M3	Договоры	плитка	Ежемесячно	Финансы	Контроль заключённых договоров	\\mathrm{KPI} = \\dfrac{\\text{Факт}}{\\text{План}} \\times 100\\%	руб.	1С / CRM	\N	\N	\N	≥100%	90–99,9%	<90%	10	\N	\N	2
1043	Отдел по работе с ПАО «Газпром»	KD-M4	Дебиторская задолженность	плитка	Ежемесячно	Финансы	Контроль дебиторской задолженности	\\text{Факт на дату}	руб.	1С / Реестр ДЗ	\N	\N	\N	<100%	100–110%	>110%	10	\N	\N	3
1044	Отдел по работе с ПАО «Газпром»	KD-M5	Просроченная Дебиторская Задолженность	плитка	Ежемесячно	Финансы	Снижение просроченной дебиторской задолженности	\\mathrm{KPI} = \\dfrac{\\text{Факт}}{\\text{Лимит}} \\times 100\\%	руб.	1С / Реестр ДЗ	\N	\N	\N	<100%	100–110%	>110%	10	\N	\N	4
1045	Отдел по работе с ПАО «Газпром»	KD-M6	Валовая прибыль	плитка	Ежемесячно	Финансы	Обеспечение плановой валовой прибыли	\\mathrm{KPI} = \\dfrac{\\text{Факт}}{\\text{План}} \\times 100\\%	руб.	1С / БДР / Управленческая отчётность	\N	\N	\N	≥100%	90–99,9%	<90%	10	\N	\N	5
1046	Отдел по работе с ПАО «Газпром»	KD-M7	Расходы	плитка	Ежемесячно	Финансы	Контроль расходов в пределах лимита	\\mathrm{KPI} = \\dfrac{\\text{Факт}}{\\text{Лимит}} \\times 100\\%	руб.	1С / БДР	\N	\N	\N	≤100%	100,1–110%	>110%	10	\N	\N	6
1047	Отдел по работе с ПАО «Газпром»	KD-M8	ФОТ	плитка	Ежемесячно	Персонал	Контроль фонда оплаты труда	\\mathrm{KPI} = \\dfrac{\\text{Факт}}{\\text{Лимит}} \\times 100\\%	руб.	1С ЗУП / HRIS	\N	\N	\N	≤100%	100,1–110%	>110%	5	\N	\N	7
1048	Отдел по работе с ПАО «Газпром»	KD-M9	Цена фактическая/цена расчетная	плитка	Ежемесячно	Финансы	Контроль уровня предоставляемых скидок	\\mathrm{KPI} = \\dfrac{\\text{Факт}}{\\text{Норма}} \\times 100\\%	%	1С / CRM	\N	\N	\N	≤100%	100,1–110%	>110%	10	\N	\N	8
1049	Отдел по работе с ПАО «Газпром»	KD-M10	ТКП в SLA	плитка	Ежемесячно	Процессы	Соблюдение SLA по технико-коммерческим предложениям	\\mathrm{KPI} = \\dfrac{\\text{Факт}}{\\text{Норма}} \\times 100\\%	%	CRM / тендерный отдел	\N	\N	\N	≥100%	90–99,9%	<90%	5	\N	\N	9
1050	Отдел по работе с ПАО «Газпром»	KD-M11	Текучесть персонала	плитка	Ежемесячно	Персонал	Контроль текучести персонала коммерческой службы	\\mathrm{KPI} = \\dfrac{\\text{Факт}}{\\text{Норма}} \\times 100\\%	%	1С ЗУП / HR	\N	\N	\N	≤100%	100,1–110%	>110%	5	\N	\N	10
1051	Отдел по работе с ПАО «Газпром»	KD-C1	Динамика: Деньги, Отгрузки, Договоры	график	Ежемесячно	Финансы					\N	\N	\N	\N	\N	\N	\N	multi_line_plan_fact_monthly	Линейный тренд по месяцам (факт)	11
1052	Отдел по работе с ПАО «Газпром»	KD-C2	Круговые диаграммы	график	Ежемесячно	Развитие					\N	\N	\N	\N	\N	\N	\N	donut_multiple	Круговые диаграммы по направлениям	12
1053	Отдел по работе с ПАО «Газпром»	KD-C3	KPI за месяц: Деньги, Отгрузки, Договоры, Валовая прибыль	график	Ежемесячно	Финансы					\N	\N	\N	\N	\N	\N	\N	column_plan_fact_monthly	Столбцы KPI за месяц	13
1054	ОДП	KD-M1	Деньги	плитка	Ежемесячно	Финансы	Контроль денежных поступлений	\\mathrm{KPI} = \\dfrac{\\text{Факт}}{\\text{План}} \\times 100\\%	руб.	1С / БДР	\N	\N	\N	≥100%	90–99,9%	<90%	15	\N	\N	0
\.


--
-- Data for Name: users; Type: TABLE DATA; Schema: public; Owner: postgres
--

COPY public.users (id, nickname, password, role, created_at, department) FROM stdin;
1	admin	pbkdf2_sha256$1200000$5SdDAzP3PUxorD2FyBXm23$asZFhIGbTHQ05SpXxIXQ06COL67Ni051NXOSjlDeXv0=	User1	2026-04-01 16:10:52.73417+03	коммерческий директор
9	comdir	pbkdf2_sha256$1200000$uMz3fYRtxxfoGH2dx0QbSi$ztqCSxly0/89ca86j+9iuGq9VsUzKyBuaHwpxKNIcqQ=	User5	2026-04-08 10:42:03.928814+03	коммерческий директор
10	maincon	pbkdf2_sha256$1200000$evFXfSoRw2SKYSptDkuk3E$HqxT2qJb63tXsUNR5TdnGtELV40j1CPzoeJHPr7cBEw=	User5	2026-04-10 15:00:49.38262+03	Главный конструктор
11	devservice	pbkdf2_sha256$1200000$jcCvO65wewkaIejn5767k2$XBgx7vRmLOWqeH1CkyhTUcUZ6WMHm8miIz6oTPycQ8g=	User5	2026-04-10 15:37:52.042669+03	Директор по развитию
12	autoservice	pbkdf2_sha256$1200000$1Ivmh9GTNBeopvgCd9zr1Q$vfgqAlMu6YqIHavR5wuxlRRb7hRN8Bz6gl2xc6S8JQs=	User5	2026-04-10 16:15:33.014378+03	Служба автоматизации
13	operofficer	pbkdf2_sha256$1200000$Avhb0Drst4zjPtNjFvC2uv$41JTcKoqVS4NRqK1mAvDLc0jF2ZEThzTLSZuypBbyQA=	User5	2026-04-10 16:48:28.699425+03	Операционный директор
14	assistantman	pbkdf2_sha256$1200000$oBUeDmeaj1xXNoESf3edqx$vv1YVXGCfJ+3HSugrBIyXkUvfNzPpKM8SqpXd/GBiZ8=	User5	2026-04-10 16:49:54.293755+03	Помощник руководителя
15	dcoocpo	pbkdf2_sha256$1200000$sXXlH2GoCXH9zenqGfwaQT$ko7wKL7xHd0Lqj97rNJ8NbNJWpcUzO+HNcSV0BjA4Mo=	User5	2026-04-10 16:52:17.569678+03	Заместитель операционного директора-директор по производству
16	depmetro	pbkdf2_sha256$1200000$ag0pwoXPsIQN79mqFUoHX3$r5mq1vckeqTHGAqA0m1GxP4lPAJprSj1r0Y9BWXBKgU=	User5	2026-04-13 08:41:46.605039+03	Заместитель главного метролога
18	metroengineer	pbkdf2_sha256$1200000$mnlqbqAU6vclP9y6Ce5G0I$d+P6yDYuIoNx7tn6fV7uD91HP//yJ8gsUGvGy4CVPaA=	User5	2026-04-13 08:44:21.343303+03	Ведущий инженер по метрологии
19	founder	pbkdf2_sha256$1200000$X22BKV5ZK6ih550ZsRLIHn$1HYB+ZJQWX15wl1ft9Gd4aSNjPdWxuB6Igurn+3/JR8=	User5	2026-04-13 11:59:49.431492+03	Председатель совета директоров
\.


--
-- Name: auth_group_id_seq; Type: SEQUENCE SET; Schema: public; Owner: postgres
--

SELECT pg_catalog.setval('public.auth_group_id_seq', 1, false);


--
-- Name: auth_group_permissions_id_seq; Type: SEQUENCE SET; Schema: public; Owner: postgres
--

SELECT pg_catalog.setval('public.auth_group_permissions_id_seq', 1, false);


--
-- Name: auth_permission_id_seq; Type: SEQUENCE SET; Schema: public; Owner: postgres
--

SELECT pg_catalog.setval('public.auth_permission_id_seq', 32, true);


--
-- Name: auth_user_groups_id_seq; Type: SEQUENCE SET; Schema: public; Owner: postgres
--

SELECT pg_catalog.setval('public.auth_user_groups_id_seq', 1, false);


--
-- Name: auth_user_id_seq; Type: SEQUENCE SET; Schema: public; Owner: postgres
--

SELECT pg_catalog.setval('public.auth_user_id_seq', 3, true);


--
-- Name: auth_user_user_permissions_id_seq; Type: SEQUENCE SET; Schema: public; Owner: postgres
--

SELECT pg_catalog.setval('public.auth_user_user_permissions_id_seq', 1, false);


--
-- Name: django_admin_log_id_seq; Type: SEQUENCE SET; Schema: public; Owner: postgres
--

SELECT pg_catalog.setval('public.django_admin_log_id_seq', 24, true);


--
-- Name: django_content_type_id_seq; Type: SEQUENCE SET; Schema: public; Owner: postgres
--

SELECT pg_catalog.setval('public.django_content_type_id_seq', 8, true);


--
-- Name: django_migrations_id_seq; Type: SEQUENCE SET; Schema: public; Owner: postgres
--

SELECT pg_catalog.setval('public.django_migrations_id_seq', 22, true);


--
-- Name: kpi_definition_id_seq; Type: SEQUENCE SET; Schema: public; Owner: postgres
--

SELECT pg_catalog.setval('public.kpi_definition_id_seq', 1078, true);


--
-- Name: users_id_seq; Type: SEQUENCE SET; Schema: public; Owner: postgres
--

SELECT pg_catalog.setval('public.users_id_seq', 19, true);


--
-- Name: auth_group auth_group_name_key; Type: CONSTRAINT; Schema: public; Owner: postgres
--

ALTER TABLE ONLY public.auth_group
    ADD CONSTRAINT auth_group_name_key UNIQUE (name);


--
-- Name: auth_group_permissions auth_group_permissions_group_id_permission_id_0cd325b0_uniq; Type: CONSTRAINT; Schema: public; Owner: postgres
--

ALTER TABLE ONLY public.auth_group_permissions
    ADD CONSTRAINT auth_group_permissions_group_id_permission_id_0cd325b0_uniq UNIQUE (group_id, permission_id);


--
-- Name: auth_group_permissions auth_group_permissions_pkey; Type: CONSTRAINT; Schema: public; Owner: postgres
--

ALTER TABLE ONLY public.auth_group_permissions
    ADD CONSTRAINT auth_group_permissions_pkey PRIMARY KEY (id);


--
-- Name: auth_group auth_group_pkey; Type: CONSTRAINT; Schema: public; Owner: postgres
--

ALTER TABLE ONLY public.auth_group
    ADD CONSTRAINT auth_group_pkey PRIMARY KEY (id);


--
-- Name: auth_permission auth_permission_content_type_id_codename_01ab375a_uniq; Type: CONSTRAINT; Schema: public; Owner: postgres
--

ALTER TABLE ONLY public.auth_permission
    ADD CONSTRAINT auth_permission_content_type_id_codename_01ab375a_uniq UNIQUE (content_type_id, codename);


--
-- Name: auth_permission auth_permission_pkey; Type: CONSTRAINT; Schema: public; Owner: postgres
--

ALTER TABLE ONLY public.auth_permission
    ADD CONSTRAINT auth_permission_pkey PRIMARY KEY (id);


--
-- Name: auth_user_groups auth_user_groups_pkey; Type: CONSTRAINT; Schema: public; Owner: postgres
--

ALTER TABLE ONLY public.auth_user_groups
    ADD CONSTRAINT auth_user_groups_pkey PRIMARY KEY (id);


--
-- Name: auth_user_groups auth_user_groups_user_id_group_id_94350c0c_uniq; Type: CONSTRAINT; Schema: public; Owner: postgres
--

ALTER TABLE ONLY public.auth_user_groups
    ADD CONSTRAINT auth_user_groups_user_id_group_id_94350c0c_uniq UNIQUE (user_id, group_id);


--
-- Name: auth_user auth_user_pkey; Type: CONSTRAINT; Schema: public; Owner: postgres
--

ALTER TABLE ONLY public.auth_user
    ADD CONSTRAINT auth_user_pkey PRIMARY KEY (id);


--
-- Name: auth_user_user_permissions auth_user_user_permissions_pkey; Type: CONSTRAINT; Schema: public; Owner: postgres
--

ALTER TABLE ONLY public.auth_user_user_permissions
    ADD CONSTRAINT auth_user_user_permissions_pkey PRIMARY KEY (id);


--
-- Name: auth_user_user_permissions auth_user_user_permissions_user_id_permission_id_14a6b632_uniq; Type: CONSTRAINT; Schema: public; Owner: postgres
--

ALTER TABLE ONLY public.auth_user_user_permissions
    ADD CONSTRAINT auth_user_user_permissions_user_id_permission_id_14a6b632_uniq UNIQUE (user_id, permission_id);


--
-- Name: auth_user auth_user_username_key; Type: CONSTRAINT; Schema: public; Owner: postgres
--

ALTER TABLE ONLY public.auth_user
    ADD CONSTRAINT auth_user_username_key UNIQUE (username);


--
-- Name: django_admin_log django_admin_log_pkey; Type: CONSTRAINT; Schema: public; Owner: postgres
--

ALTER TABLE ONLY public.django_admin_log
    ADD CONSTRAINT django_admin_log_pkey PRIMARY KEY (id);


--
-- Name: django_content_type django_content_type_app_label_model_76bd3d3b_uniq; Type: CONSTRAINT; Schema: public; Owner: postgres
--

ALTER TABLE ONLY public.django_content_type
    ADD CONSTRAINT django_content_type_app_label_model_76bd3d3b_uniq UNIQUE (app_label, model);


--
-- Name: django_content_type django_content_type_pkey; Type: CONSTRAINT; Schema: public; Owner: postgres
--

ALTER TABLE ONLY public.django_content_type
    ADD CONSTRAINT django_content_type_pkey PRIMARY KEY (id);


--
-- Name: django_migrations django_migrations_pkey; Type: CONSTRAINT; Schema: public; Owner: postgres
--

ALTER TABLE ONLY public.django_migrations
    ADD CONSTRAINT django_migrations_pkey PRIMARY KEY (id);


--
-- Name: django_session django_session_pkey; Type: CONSTRAINT; Schema: public; Owner: postgres
--

ALTER TABLE ONLY public.django_session
    ADD CONSTRAINT django_session_pkey PRIMARY KEY (session_key);


--
-- Name: kpi_definition kpi_definition_department_kpi_id_d2ce2ddc_uniq; Type: CONSTRAINT; Schema: public; Owner: postgres
--

ALTER TABLE ONLY public.kpi_definition
    ADD CONSTRAINT kpi_definition_department_kpi_id_d2ce2ddc_uniq UNIQUE (department, kpi_id);


--
-- Name: kpi_definition kpi_definition_pkey; Type: CONSTRAINT; Schema: public; Owner: postgres
--

ALTER TABLE ONLY public.kpi_definition
    ADD CONSTRAINT kpi_definition_pkey PRIMARY KEY (id);


--
-- Name: users users_nickname_key; Type: CONSTRAINT; Schema: public; Owner: postgres
--

ALTER TABLE ONLY public.users
    ADD CONSTRAINT users_nickname_key UNIQUE (nickname);


--
-- Name: users users_pkey; Type: CONSTRAINT; Schema: public; Owner: postgres
--

ALTER TABLE ONLY public.users
    ADD CONSTRAINT users_pkey PRIMARY KEY (id);


--
-- Name: auth_group_name_a6ea08ec_like; Type: INDEX; Schema: public; Owner: postgres
--

CREATE INDEX auth_group_name_a6ea08ec_like ON public.auth_group USING btree (name varchar_pattern_ops);


--
-- Name: auth_group_permissions_group_id_b120cbf9; Type: INDEX; Schema: public; Owner: postgres
--

CREATE INDEX auth_group_permissions_group_id_b120cbf9 ON public.auth_group_permissions USING btree (group_id);


--
-- Name: auth_group_permissions_permission_id_84c5c92e; Type: INDEX; Schema: public; Owner: postgres
--

CREATE INDEX auth_group_permissions_permission_id_84c5c92e ON public.auth_group_permissions USING btree (permission_id);


--
-- Name: auth_permission_content_type_id_2f476e4b; Type: INDEX; Schema: public; Owner: postgres
--

CREATE INDEX auth_permission_content_type_id_2f476e4b ON public.auth_permission USING btree (content_type_id);


--
-- Name: auth_user_groups_group_id_97559544; Type: INDEX; Schema: public; Owner: postgres
--

CREATE INDEX auth_user_groups_group_id_97559544 ON public.auth_user_groups USING btree (group_id);


--
-- Name: auth_user_groups_user_id_6a12ed8b; Type: INDEX; Schema: public; Owner: postgres
--

CREATE INDEX auth_user_groups_user_id_6a12ed8b ON public.auth_user_groups USING btree (user_id);


--
-- Name: auth_user_user_permissions_permission_id_1fbb5f2c; Type: INDEX; Schema: public; Owner: postgres
--

CREATE INDEX auth_user_user_permissions_permission_id_1fbb5f2c ON public.auth_user_user_permissions USING btree (permission_id);


--
-- Name: auth_user_user_permissions_user_id_a95ead1b; Type: INDEX; Schema: public; Owner: postgres
--

CREATE INDEX auth_user_user_permissions_user_id_a95ead1b ON public.auth_user_user_permissions USING btree (user_id);


--
-- Name: auth_user_username_6821ab7c_like; Type: INDEX; Schema: public; Owner: postgres
--

CREATE INDEX auth_user_username_6821ab7c_like ON public.auth_user USING btree (username varchar_pattern_ops);


--
-- Name: django_admin_log_content_type_id_c4bce8eb; Type: INDEX; Schema: public; Owner: postgres
--

CREATE INDEX django_admin_log_content_type_id_c4bce8eb ON public.django_admin_log USING btree (content_type_id);


--
-- Name: django_admin_log_user_id_c564eba6; Type: INDEX; Schema: public; Owner: postgres
--

CREATE INDEX django_admin_log_user_id_c564eba6 ON public.django_admin_log USING btree (user_id);


--
-- Name: django_session_expire_date_a5c62663; Type: INDEX; Schema: public; Owner: postgres
--

CREATE INDEX django_session_expire_date_a5c62663 ON public.django_session USING btree (expire_date);


--
-- Name: django_session_session_key_c0390e0f_like; Type: INDEX; Schema: public; Owner: postgres
--

CREATE INDEX django_session_session_key_c0390e0f_like ON public.django_session USING btree (session_key varchar_pattern_ops);


--
-- Name: kpi_definition_department_74f2c06e; Type: INDEX; Schema: public; Owner: postgres
--

CREATE INDEX kpi_definition_department_74f2c06e ON public.kpi_definition USING btree (department);


--
-- Name: kpi_definition_department_74f2c06e_like; Type: INDEX; Schema: public; Owner: postgres
--

CREATE INDEX kpi_definition_department_74f2c06e_like ON public.kpi_definition USING btree (department varchar_pattern_ops);


--
-- Name: kpi_definition_kpi_id_c5c7e8cb; Type: INDEX; Schema: public; Owner: postgres
--

CREATE INDEX kpi_definition_kpi_id_c5c7e8cb ON public.kpi_definition USING btree (kpi_id);


--
-- Name: kpi_definition_kpi_id_c5c7e8cb_like; Type: INDEX; Schema: public; Owner: postgres
--

CREATE INDEX kpi_definition_kpi_id_c5c7e8cb_like ON public.kpi_definition USING btree (kpi_id varchar_pattern_ops);


--
-- Name: users_nickname_70097a59_like; Type: INDEX; Schema: public; Owner: postgres
--

CREATE INDEX users_nickname_70097a59_like ON public.users USING btree (nickname varchar_pattern_ops);


--
-- Name: auth_group_permissions auth_group_permissio_permission_id_84c5c92e_fk_auth_perm; Type: FK CONSTRAINT; Schema: public; Owner: postgres
--

ALTER TABLE ONLY public.auth_group_permissions
    ADD CONSTRAINT auth_group_permissio_permission_id_84c5c92e_fk_auth_perm FOREIGN KEY (permission_id) REFERENCES public.auth_permission(id) DEFERRABLE INITIALLY DEFERRED;


--
-- Name: auth_group_permissions auth_group_permissions_group_id_b120cbf9_fk_auth_group_id; Type: FK CONSTRAINT; Schema: public; Owner: postgres
--

ALTER TABLE ONLY public.auth_group_permissions
    ADD CONSTRAINT auth_group_permissions_group_id_b120cbf9_fk_auth_group_id FOREIGN KEY (group_id) REFERENCES public.auth_group(id) DEFERRABLE INITIALLY DEFERRED;


--
-- Name: auth_permission auth_permission_content_type_id_2f476e4b_fk_django_co; Type: FK CONSTRAINT; Schema: public; Owner: postgres
--

ALTER TABLE ONLY public.auth_permission
    ADD CONSTRAINT auth_permission_content_type_id_2f476e4b_fk_django_co FOREIGN KEY (content_type_id) REFERENCES public.django_content_type(id) DEFERRABLE INITIALLY DEFERRED;


--
-- Name: auth_user_groups auth_user_groups_group_id_97559544_fk_auth_group_id; Type: FK CONSTRAINT; Schema: public; Owner: postgres
--

ALTER TABLE ONLY public.auth_user_groups
    ADD CONSTRAINT auth_user_groups_group_id_97559544_fk_auth_group_id FOREIGN KEY (group_id) REFERENCES public.auth_group(id) DEFERRABLE INITIALLY DEFERRED;


--
-- Name: auth_user_groups auth_user_groups_user_id_6a12ed8b_fk_auth_user_id; Type: FK CONSTRAINT; Schema: public; Owner: postgres
--

ALTER TABLE ONLY public.auth_user_groups
    ADD CONSTRAINT auth_user_groups_user_id_6a12ed8b_fk_auth_user_id FOREIGN KEY (user_id) REFERENCES public.auth_user(id) DEFERRABLE INITIALLY DEFERRED;


--
-- Name: auth_user_user_permissions auth_user_user_permi_permission_id_1fbb5f2c_fk_auth_perm; Type: FK CONSTRAINT; Schema: public; Owner: postgres
--

ALTER TABLE ONLY public.auth_user_user_permissions
    ADD CONSTRAINT auth_user_user_permi_permission_id_1fbb5f2c_fk_auth_perm FOREIGN KEY (permission_id) REFERENCES public.auth_permission(id) DEFERRABLE INITIALLY DEFERRED;


--
-- Name: auth_user_user_permissions auth_user_user_permissions_user_id_a95ead1b_fk_auth_user_id; Type: FK CONSTRAINT; Schema: public; Owner: postgres
--

ALTER TABLE ONLY public.auth_user_user_permissions
    ADD CONSTRAINT auth_user_user_permissions_user_id_a95ead1b_fk_auth_user_id FOREIGN KEY (user_id) REFERENCES public.auth_user(id) DEFERRABLE INITIALLY DEFERRED;


--
-- Name: django_admin_log django_admin_log_content_type_id_c4bce8eb_fk_django_co; Type: FK CONSTRAINT; Schema: public; Owner: postgres
--

ALTER TABLE ONLY public.django_admin_log
    ADD CONSTRAINT django_admin_log_content_type_id_c4bce8eb_fk_django_co FOREIGN KEY (content_type_id) REFERENCES public.django_content_type(id) DEFERRABLE INITIALLY DEFERRED;


--
-- Name: django_admin_log django_admin_log_user_id_c564eba6_fk_auth_user_id; Type: FK CONSTRAINT; Schema: public; Owner: postgres
--

ALTER TABLE ONLY public.django_admin_log
    ADD CONSTRAINT django_admin_log_user_id_c564eba6_fk_auth_user_id FOREIGN KEY (user_id) REFERENCES public.auth_user(id) DEFERRABLE INITIALLY DEFERRED;


--
-- PostgreSQL database dump complete
--

\unrestrict oSWE09yECbzVOYecdGgVuCng5nVW4DIWr1is3UmaAg8OcbVQIH4HPnCCRhJKXgE

